100000,,十堰市,陈波个人工作室,,,APP,4,27.0,M,汉,7029,2,01,MATE,FRIENDS,2,87.03,湖北省,CONSUME,01,,32.841179,110.798897,ANDROID,,0
100000,,南宁市,广西南宁鑫安消防有限公司,,,XCX,2,40.6,M,汉,3856,4,01,FRIENDS,RELATIVES,1,70,广西壮族自治区,CONSUME,01,,22.90682397429847,108.30257411047585,ANDROID,,0
100000,,赤峰市,玉泉区大飞烟酒商店,,,XCX,3,27.9,M,汉,650,2,01,MOTHER,FRIENDS,2,70,内蒙古自治区,CONSUME,01,,39.13670301649306,117.07647162543402,ANDROID,,0
100000,102,长春市,佳明肉业,,,XCX,2,41.3,M,汉,1975,4,01,MATE,MATE,1,70,吉林省,CONSUME,01,,39.081940106793698,121.7062155055985,ANDROID,,0
100000,,济宁市,济南地政信息咨询服务有限公司,,,XCX,2,23.9,F,汉,1954,4,01,FRIENDS,COLLEAGUE,1,70,山东省,CONSUME,01,,36.723252731275817,117.21061380019298,ANDROID,,0
100000,403,文山壮族苗族自治州,中国邮政速递物流股份有限公司文山分公司,,,APP,3,42.5,F,汉,4368,2,01,MATE,RELATIVES,1,70,云南省,CONSUME,01,,23.388867,104.232285,ANDROID,,0
100000,102,南京市,南京隆盛植物油脂有限公司,,,XCX,3,33.9,M,汉,5854,4,01,PARENTS,PARENTS,2,70,江苏省,CONSUME,01,,32.29561515516285,119.40314260510569,ANDROID,,0
100000,105,宜宾市,龙润个人工作室,,,APP,2,27.4,F,汉,1332,4,01,MATE,FATHER,1,70,四川省,CONSUME,01,,28.766597356587107,104.62915492064465,ANDROID,,0
100000,103,唐山市,杨家板桥镇王钓庄,,,APP,3,46.3,M,汉,197,3,01,MATE,FRIENDS,1,100.0,河北省,CONSUME,01,,39.76315779971442,117.55589925375249,ANDROID,,0
100000,104,绍兴市,颐高集团有限公司,,,APP,4,39.9,M,汉,4984,4,01,FATHER,SIBLING,3,70,浙江省,CONSUME,01,,30.309416419315597,120.2314125142432,ANDROID,,0
100000,,仙桃市,湖北省依娅防护用品有限公司,,,APP,3,38.1,F,汉,4079,4,01,MATE,FATHER,1,80.827,湖北省,CONSUME,01,,30.139752553165618,113.50352572664367,ANDROID,,0
100000,403,菏泽市,东明县农业农村局,,,APP,3,47.5,M,汉,2608,2,01,COLLEAGUE,RELATIVES,1,70,山东省,CONSUME,01,,31.920251,116.892774,ANDROID,,0
100000,105,海南省直辖县级行政单位,海南冠盛建筑工程有限公司,,,APP,3,34.7,M,汉,5304,2,01,PARENTS,COLLEAGUE,2,90.431,海南省,CONSUME,01,,19.097117,108.695904,ANDROID,,0
100000,104,南昌市,睿莱轩门窗,,,XCX,2,35.5,M,汉,3844,4,01,RELATIVES,FRIENDS,1,70,江西省,CONSUME,01,,28.522423257965245,115.95272190514049,ANDROID,,0
100000,105,重庆市,重庆宏发建筑有限公司,,,XCX,4,31.9,F,汉,5760,2,,PARENTS,MOTHER,2,91.286,重庆市,CONSUME,03,,29.58319801445906,106.55217226481446,ANDROID,,0
100000,,商丘市,范艳昌个人工作室,,,APP,3,40.9,M,汉,3814,3,01,MATE,CHILDREN,1,95.0,河南省,CONSUME,01,,34.380956,115.853816,ANDROID,,0
100000,104,滁州市,江天传个人工作室,,,APP,2,42.2,M,汉,4598,4,,FATHER,RELATIVES,1,93.75969,安徽省,CONSUME,04,,32.913892657782657,117.40319886869038,IOS,,0
100000,,重庆市,李冬个人工作室,,,APP,4,31.4,M,汉,5983,2,01,FRIENDS,SIBLING,2,91.762,重庆市,CONSUME,01,,29.615759,106.356709,ANDROID,,0
100000,,西安市,陕西产学研服务中心,,,XCX,4,33.5,F,汉,559,3,01,PARENTS,PARENTS,2,91.642,陕西省,CONSUME,01,,33.060383029513886,107.02597927517361,ANDROID,,0
100000,102,邵阳市,中南建筑集团有限公司,,,XCX,2,33.7,M,汉,4901,4,01,PARENTS,MATE,1,86.342,湖南省,CONSUME,01,,32.036796,118.901467,ANDROID,,0
100000,103,安康市,紫阳县建安基础设施有限公司,,,APP,2,38.3,M,汉,4681,2,01,MATE,SIBLING,1,92.528,陕西省,CONSUME,02,,41.22292876845039,116.96044161838371,ANDROID,,0
100000,,朝阳市,运输公司,,,APP,3,51.8,M,汉,650,3,01,SIBLING,SIBLING,3,70,辽宁省,CONSUME,01,,41.593411,120.441101,ANDROID,,0
100000,,遵义市,乐惠多超市,,,XCX,2,26.6,F,汉,3421,2,01,FRIENDS,MATE,2,84.999,贵州省,CONSUME,01,,23.352355461298396,113.31227563828831,ANDROID,,0
100000,403,商丘市,李志强个人工作室,,,APP,2,33.6,M,汉,119,3,01,FRIENDS,SIBLING,1,70,河南省,CONSUME,01,,30.887706,107.067835,ANDROID,,0
100000,103,苏州市,沈利红个人工作室,,,APP,2,36.8,F,汉,3560,4,01,FATHER,MOTHER,1,88.477,江苏省,CONSUME,01,,30.879503587948343,120.65762832074994,ANDROID,,0
100000,103,鞍山市,长路家餐馆,,,APP,2,44.6,F,汉,557,3,01,MOTHER,FRIENDS,2,70,辽宁省,CONSUME,01,,40.830091,122.587486,ANDROID,,0
100000,105,成都市,德高防水,,,APP,3,31.8,M,汉,1212,3,01,FATHER,MATE,1,78.832,四川省,CONSUME,01,,30.41065179305385,103.4822213672267,ANDROID,,0
100000,103,保定市,涿州市刁窝中学,,,APP,4,46.9,M,汉,3540,2,01,PARENTS,FRIENDS,1,70,河北省,CONSUME,02,,39.56196684165913,116.0006840229463,ANDROID,,0
100000,105,重庆市,重庆鲜面条,,,XCX,3,28.4,M,汉,1142,4,01,PARENTS,SIBLING,1,89.678,重庆市,CONSUME,01,,30.940537923177082,120.89577555338542,ANDROID,,0
100000,105,南安市,南安市乐峰镇颍妍通信店,,,APP,3,41.1,M,汉,4150,2,01,MATE,FRIENDS,1,70,福建省,CONSUME,01,,25.191236,118.539399,ANDROID,,0
100000,,承德市,永城市小永餐饮部,,,APP,2,41.1,F,汉,1910,2,01,MATE,FRIENDS,1,70,河北省,CONSUME,01,,33.950643026615669,116.46614524760902,ANDROID,,0
100000,103,昭通市,昭通美年大健康体检中心有限公司,,,APP,3,31.5,F,汉,7019,2,01,FRIENDS,FRIENDS,2,78.006,云南省,CONSUME,02,,27.341395,103.726998,ANDROID,,0
100000,,通化市,公主岭市久久足道,,,XCX,2,53.3,F,汉,3818,4,01,FRIENDS,MATE,1,70,吉林省,CONSUME,01,,43.506107,124.815047,ANDROID,,0
100000,105,宜春市,华尔讯（北京）信息科技有限公司,,,APP,2,28.7,F,汉,2261,2,01,MOTHER,FRIENDS,1,70,江西省,CONSUME,01,,40.32261840426579,116.63838587142932,ANDROID,,0
100000,,邯郸市,张学忠个人工作室,,,APP,2,34.0,M,汉,5874,2,01,MATE,COLLEAGUE,1,70,河北省,CONSUME,01,,36.598856,114.536015,ANDROID,,0
100000,105,盐城市,盐城华尊汽车服务有限公司,,,XCX,3,45.9,M,汉,1764,3,01,RELATIVES,COLLEAGUE,1,70,江苏省,CONSUME,01,,33.32781656432828,120.1469015403042,ANDROID,,0
100000,305,无锡市,无锡蠡湖经济发展有限公司,,,APP,4,31.8,M,汉,1459,2,,MATE,FRIENDS,1,70,江苏省,CONSUME,01,,31.508017,120.28401,ANDROID,,0
100000,308,张家界市,金沃财智,,,XCX,4,26.4,M,侗,1407,2,01,FATHER,FATHER,2,76.613,湖南省,CONSUME,01,,28.190081922743055,113.03143364800347,ANDROID,,0
100000,,揭阳市,汕头德邦快递有限公司,,,APP,2,29.7,M,汉,6878,4,01,PARENTS,FRIENDS,2,88.091,广东省,CONSUME,01,,23.288817,116.195694,ANDROID,,0
100000,,枣庄市,滕州卓普分析仪器有限公司,,,APP,2,30.5,M,汉,446,4,01,PARENTS,FRIENDS,,70,山东省,CONSUME,01,,35.044402,117.175728,ANDROID,,0
100000,102,金华市,林业开发有限公司,,,APP,3,38.7,M,汉,3813,2,01,MOTHER,FRIENDS,2,70,浙江省,CONSUME,01,,29.296573,120.016413,ANDROID,,0
100000,103,马鞍山市,芜湖市盛新汽车家训有限公司,,,APP,3,38.3,M,汉,5765,4,01,MATE,FATHER,1,70,安徽省,CONSUME,01,,31.72202516506001,118.09261343190494,ANDROID,,0
100000,309,德州市,广州思林杰网络科技有限公司,,,XCX,4,37.9,M,汉,3645,4,01,FRIENDS,MOTHER,2,70,山东省,CONSUME,01,,36.73750709994326,116.42239181857467,ANDROID,,0
100000,102,临沂市,青岛大金高新装饰工程有限公司,,,APP,4,49.7,M,汉,2048,3,01,MATE,FRIENDS,1,70,山东省,CONSUME,01,,36.1210541334793,120.46661377592405,ANDROID,,0
100000,102,邵阳市,平安保险股份有限公司,,,APP,3,36.1,M,汉,6705,4,,PARENTS,MATE,1,89.352,湖南省,CONSUME,01,,26.435874199705844,110.86800817236454,ANDROID,,0
100000,103,襄阳市,潘春霞个人工作室,,,APP,2,38.7,F,汉,3878,2,01,SIBLING,RELATIVES,1,93.25,湖北省,CONSUME,01,,32.07817922640096,112.1657693207803,ANDROID,,0
100000,403,黑河市,刘国兴个人工作室,,,APP,2,29.6,M,汉,6662,3,,FATHER,RELATIVES,2,70,黑龙江省,CONSUME,02,,46.88196,130.310394,ANDROID,,0
100000,,邵阳市,富士康科技有限公司,,,XCX,3,34.7,M,汉,5765,4,01,MATE,SIBLING,1,70,湖南省,CONSUME,01,,35.655337328691,114.25991232697567,ANDROID,,0
100000,103,渭南市,陕西明营商贸有限公司,,,APP,4,34.4,M,汉,308,3,01,MATE,SIBLING,1,70,陕西省,CONSUME,01,,34.558757,110.095958,ANDROID,,0
100000,,安庆市,上海昌硕,,,APP,3,22.0,M,汉,1568,2,01,FATHER,OTHER,2,91.75,安徽省,CONSUME,01,,31.137634,121.606641,ANDROID,,0
100000,102,鞍山市,辽宁中胜特种设备检测有限公司,,,APP,2,39.3,M,汉,3841,4,01,RELATIVES,FRIENDS,1,95.072,辽宁省,CONSUME,01,,41.11710848920547,122.95665966477992,ANDROID,,0
100000,,恩施土家族苗族自治州,中交二公局,,,XCX,2,45.9,M,汉,2709,2,01,FATHER,FRIENDS,2,70,湖北省,CONSUME,01,,29.89091972031196,110.03751956547115,ANDROID,,0
100000,,苏州市,创新创业,,,APP,2,46.9,M,汉,2881,4,01,PARENTS,FRIENDS,1,70,江苏省,CONSUME,01,,31.021539,120.834174,ANDROID,,0
100000,102,淮北市,海子马钢厂,,,APP,3,42.4,M,汉,4043,3,01,PARENTS,MOTHER,1,70,安徽省,CONSUME,01,,34.28373817172015,117.30530717751235,ANDROID,,0
100000,104,滁州市,南京苍空之翼文化,,,APP,4,24.6,M,汉,2126,3,01,FRIENDS,COLLEAGUE,2,90.333,安徽省,CONSUME,01,,32.07026790065889,118.68004536109548,ANDROID,,0
100000,102,湖州市,上海菱奥电梯有限公司,,,APP,2,35.9,M,汉,5860,4,01,MATE,RELATIVES,1,89.502,浙江省,CONSUME,01,,30.861620816048274,120.42352659108491,IOS,,0
100000,104,阳江市,广州保税区海关后勤保障部门,,,APP,3,41.7,M,汉,3725,4,01,COLLEAGUE,MATE,1,70,广东省,CONSUME,01,,23.06627865289976,113.55052165077717,ANDROID,,0
100000,102,营口市,家福有礼,,,APP,4,33.8,F,汉,6641,4,01,MATE,FRIENDS,1,90.545,辽宁省,CONSUME,01,,40.6863660773535,122.27431777697915,ANDROID,,0
100000,104,重庆市,自由职业,,,APP,3,39.1,F,汉,2644,4,01,OTHER,OTHER,1,70,重庆市,CONSUME,01,,30.958682460042416,121.53079167083223,ANDROID,,0
100000,309,清远市,广州九毛九餐饮连锁股份有限公司,,,APP,3,34.6,F,汉,4319,3,01,COLLEAGUE,MATE,1,70,广东省,CONSUME,01,,23.12950203081073,113.42802475782527,ANDROID,,0
100000,105,沈阳市,沈阳市铁西区张记成都火锅冒菜店,,,APP,3,50.8,F,汉,99999,3,01,FATHER,FATHER,1,70,辽宁省,CONSUME,01,,41.99014417618033,123.41779099493344,IOS,,0
100000,105,成都市,中国百胜肯德基,,,APP,4,28.4,M,汉,617,2,01,RELATIVES,FRIENDS,2,89.042,四川省,CONSUME,01,,30.705990018573649,104.16968161084871,ANDROID,,0
100000,103,茂名市,柏烨贸易有限公司,,,XCX,2,29.0,F,汉,7011,4,01,COLLEAGUE,MATE,1,83.426,广东省,CONSUME,01,,21.907144912041838,110.72550721241247,ANDROID,,0
100000,105,太原市,常峰个人工作室,,,APP,4,44.2,M,汉,6087,2,01,MOTHER,OTHER,1,83.654,山西省,CONSUME,01,,3.189112001460256,101.58641499999999,ANDROID,,0
100000,,保定市,马军辉个人工作室,,,APP,2,37.7,M,汉,3956,4,01,MATE,FATHER,1,70,河北省,CONSUME,01,,38.49426,114.687286,ANDROID,,0
100000,,武汉市,中国电信股份有限公司新洲分公司,,,APP,3,46.3,M,汉,4173,3,01,MOTHER,COLLEAGUE,1,70,湖北省,CONSUME,01,,30.840783,114.816104,ANDROID,,0
100000,103,晋中市,海聪汽贸有限公司,,,XCX,2,39.1,M,汉,5369,3,01,RELATIVES,FRIENDS,1,70,山西省,CONSUME,01,,37.382635,112.448434,ANDROID,,0
100000,105,邵阳市,均泰建设有限公司,,,APP,2,48.1,M,汉,3921,2,01,MATE,FRIENDS,1,84.338,湖南省,CONSUME,01,,29.957050649403695,121.63083397720026,ANDROID,,0
100000,,宁德市,吴晓纯个人工作室,,,XCX,2,29.1,F,汉,6228,2,01,MATE,CHILDREN,1,70,福建省,CONSUME,01,,26.907824025242168,120.03507858583788,ANDROID,,0
100000,,黑河市,李光旭个人工作室,,,APP,3,26.3,M,汉,1266,4,01,MATE,FRIENDS,2,70,黑龙江省,CONSUME,01,,45.82728,126.520147,ANDROID,,0
100000,104,西安市,环球科利凯恩保洁公司,,,APP,2,40.7,M,汉,4150,2,01,MATE,COLLEAGUE,1,70,陕西省,CONSUME,01,,34.216737049990609,109.02344950569696,ANDROID,,0
100000,104,盐城市,大丰人民医院,,,APP,4,33.7,M,汉,411,4,01,FATHER,MATE,1,70,江苏省,CONSUME,01,,33.212617515326588,120.53106539802504,ANDROID,,0
100000,,晋中市,晋中市机关事务管理局,,,APP,4,28.4,M,汉,6826,2,01,MOTHER,FRIENDS,2,90.987,山西省,CONSUME,01,,37.689721,112.755642,ANDROID,,0
100000,104,鞍山市,鞍山电力服务有限公司,,,APP,3,55.9,M,汉,1062,2,01,SIBLING,PARENTS,1,70,辽宁省,CONSUME,01,,40.86335831636959,122.77196528464799,ANDROID,,0
100000,301,柳州市,历霆物流有限公司,,,APP,3,40.3,F,汉,4103,2,01,MATE,FRIENDS,1,70,广西壮族自治区,CONSUME,01,,22.790598973736384,108.34993175764156,ANDROID,,0
100000,105,南充市,玉环通快机械有限公司,,,APP,2,32.7,F,汉,1065,3,01,SIBLING,MATE,1,70,四川省,CONSUME,01,,35.1415972508796,119.31428043927142,ANDROID,,0
100000,104,杭州市,湖南大学,,,APP,4,27.0,M,汉,3282,4,01,PARENTS,FATHER,2,88.716,浙江省,CONSUME,01,,30.290786366365916,120.03084676286997,ANDROID,,0
100000,,黄冈市,武汉金穗厨房设备工程有限公司,,,APP,4,39.7,M,汉,7015,2,01,FATHER,FRIENDS,2,87.106,湖北省,CONSUME,01,,30.704771613301585,114.294143595226,ANDROID,,0
100000,103,武汉市,新八建设集团有限公司,,,APP,2,33.8,M,汉,5166,2,01,PARENTS,MATE,2,70,湖北省,CONSUME,02,,30.941110065712569,114.80435002824108,ANDROID,,0
100000,,常州市,溧阳市天目湖聚收宝铭宇技术服务部,,,XCX,3,47.2,M,汉,277,4,01,FRIENDS,FRIENDS,3,70,江苏省,CONSUME,01,,31.281419382251923,119.51340551072612,ANDROID,,0
100000,105,安庆市,安庆师范大学,,,XCX,4,25.4,F,汉,285,2,01,MOTHER,FRIENDS,2,98.1,安徽省,CONSUME,01,,31.27500045880727,120.61792352763115,IOS,,0
100000,103,宿州市,淮邦工程建设有限公司,,,APP,2,42.6,M,汉,4149,4,01,PARENTS,RELATIVES,1,70,安徽省,CONSUME,01,,32.033251477534388,118.91304736831512,ANDROID,,0
100000,103,芜湖市,廷中饮料,,,APP,2,35.7,M,汉,5982,3,01,FRIENDS,FRIENDS,1,88.978,安徽省,CONSUME,01,,31.260663139849446,121.47373038260719,ANDROID,,0
100000,,齐齐哈尔市,黑龙江省齐齐哈尔市龙江县第一人民医院,,,XCX,3,26.0,M,汉,1622,2,01,MATE,FRIENDS,2,70,黑龙江省,CONSUME,01,,47.57717719184028,122.75635850694445,ANDROID,,0
100000,,嘉兴市,沈凯丽个人工作室,,,APP,3,34.4,F,汉,4269,2,01,MATE,FATHER,1,70,浙江省,CONSUME,01,,30.623336646478013,120.69627577026128,ANDROID,,0
100000,,武冈市,长沙锦冠桥义齿有限公司,,,APP,3,23.8,M,汉,2310,3,01,FATHER,RELATIVES,2,70,湖南省,CONSUME,01,,28.321459,112.827886,ANDROID,,0
100000,104,汉中市,西安中尊建材有限公司,,,XCX,3,37.0,M,汉,3878,2,01,OTHER,OTHER,2,70,陕西省,CONSUME,01,,34.321673192965729,108.95939871554765,ANDROID,,0
100000,102,兰州市,兰州众智捷,,,XCX,4,30.1,F,汉,296,4,01,PARENTS,PARENTS,1,70,甘肃省,CONSUME,01,,36.094302666542347,103.630509446717681,ANDROID,,0
100000,103,扬州市,上海吉的堡教育集团,,,XCX,4,34.0,M,汉,4905,3,01,COLLEAGUE,FATHER,2,70,江苏省,CONSUME,01,,26.23526567713459,109.14289111803854,ANDROID,,0
100000,103,潍坊市,潍坊慧江环保科技有限公司,,,APP,3,29.7,M,汉,188,3,01,MATE,SIBLING,1,70,山东省,CONSUME,01,,36.730381,119.044998,ANDROID,,0
100000,,达州市,圣策龙鞋业有限公司,,,APP,2,34.6,M,汉,4886,3,01,MATE,FRIENDS,1,70,四川省,CONSUME,01,,27.85504177517361,120.67259575737847,ANDROID,,0
100000,,广水市,山西三雄建材有限公司,,,APP,4,24.8,M,汉,1567,2,01,FATHER,FRIENDS,2,70,湖北省,CONSUME,01,,35.348789,110.534638,ANDROID,,0
100000,,汕头市,艺敏服装厂,,,APP,3,32.0,M,汉,5225,4,01,MATE,MOTHER,1,95.072,广东省,CONSUME,01,,23.32661,116.399805,ANDROID,,0
100000,,永州市,中国铁建重工集团有限公司,,,XCX,3,27.3,M,瑶,1625,4,01,FRIENDS,PARENTS,2,70,湖南省,CONSUME,01,,25.379134114583334,112.31060356987847,ANDROID,,0
100000,,岳阳市,人瑞人才,,,APP,3,22.2,M,汉,2803,4,01,SIBLING,FRIENDS,2,70,湖南省,CONSUME,01,,28.212641,112.912484,ANDROID,,0
100000,104,泰州市,沿江消防服务有限公司,,,APP,3,24.1,M,汉,863,4,01,FATHER,MOTHER,2,70,江苏省,CONSUME,01,,32.14550331489359,119.97504420674932,ANDROID,,0
100000,,重庆市,重庆市万州区妇幼保健院,,,APP,3,39.0,F,汉,4214,2,01,MATE,SIBLING,1,70,重庆市,CONSUME,01,,30.761734,108.389981,ANDROID,,0
100000,103,台州市,温岭市创发塑料厂,,,APP,2,48.1,M,汉,4472,3,01,MATE,FATHER,1,70,浙江省,CONSUME,01,,28.462405170759994,121.41067608955838,ANDROID,,0
100000,102,汕尾市,保健品有限公司,,,XCX,2,38.5,F,汉,5781,4,01,MOTHER,FRIENDS,1,88.532,广东省,CONSUME,01,,22.829492191299555,115.89990335902155,ANDROID,,0
100000,105,苏州市,苏州太湖国家湿地公园,,,APP,4,38.3,M,汉,4859,4,01,MATE,FRIENDS,1,97.0,江苏省,CONSUME,01,,31.344623136702887,120.45106740214007,IOS,,0
100000,103,泰州市,江苏省靖江市中铭劳务有限公司,,,XCX,3,36.2,M,汉,4274,4,,MOTHER,FATHER,1,70,江苏省,CONSUME,01,,31.77764187282986,120.55045735677083,ANDROID,,0
100000,103,淮安市,锅贴小哥,,,APP,2,27.2,M,汉,1516,3,01,RELATIVES,FRIENDS,2,70,江苏省,CONSUME,01,,31.929534,118.824556,ANDROID,,0
100000,102,晋城市,晋城市浩德保安服务有限公司,,,XCX,3,26.4,M,汉,1378,4,01,MOTHER,SIBLING,2,70,山西省,CONSUME,01,,35.504646015141158,112.86873888284575,ANDROID,,0
100000,105,常州市,常州富豪汽车销售服务有限公司,,,XCX,3,24.6,M,汉,2113,2,01,FATHER,FRIENDS,2,92.25221,江苏省,CONSUME,01,,31.780636787927706,119.8326070833262,IOS,,0
100000,102,汕头市,九冶建设有限公司,,,XCX,2,34.2,M,汉,5076,2,,PARENTS,COLLEAGUE,2,87.329,广东省,CONSUME,04,,23.225399848090277,113.33907904730903,ANDROID,,0
100000,,枣庄市,市中区勇讯手机店,,,APP,3,33.3,M,汉,6101,4,01,FRIENDS,FATHER,3,70,山东省,CONSUME,01,,35.054279,117.067037,ANDROID,,0
100000,309,嘉兴市,嘉善一亿辅料经营部,,,APP,3,46.0,M,汉,2577,4,,FATHER,FRIENDS,1,70,浙江省,CONSUME,01,,30.98246,120.892142,ANDROID,,0
100000,102,肇庆市,鼎湖区渔民新村海鲜大酒楼,,,APP,4,40.3,M,汉,2710,2,01,MATE,COLLEAGUE,1,89.531,广东省,CONSUME,01,,23.068831,112.494387,ANDROID,,0
100000,,邯郸市,北京奔驰,,,APP,2,37.8,M,汉,4778,4,01,MATE,FRIENDS,1,70,河北省,CONSUME,01,,39.946021,116.512661,ANDROID,,0
100000,102,菏泽市,张浩个人工作室,,,APP,4,34.4,M,汉,4607,4,01,CHILDREN,SIBLING,1,70,山东省,CONSUME,01,,35.823212740933779,116.06304175443489,ANDROID,,0
100000,301,石嘴山市,山東理工大學,,,APP,4,28.0,M,汉,1046,4,01,FATHER,MOTHER,2,75.4901,宁夏回族自治区,CONSUME,01,,39.00951760447712,106.37217810660184,ANDROID,,0
100000,102,泸州市,私营业主,,,XCX,2,23.9,M,汉,1980,2,01,MATE,FRIENDS,1,70,四川省,CONSUME,01,,28.147059461805554,106.14470947265625,ANDROID,,0
100000,,沈阳市,沈阳金沙餐饮管理有限公司,,,XCX,3,36.5,F,汉,4205,3,01,MATE,FATHER,1,70,辽宁省,CONSUME,01,,41.79772108289931,123.1921644422743,ANDROID,,0
100000,104,常德市,徐氏天艺家具装饰有限公司,,,APP,3,32.0,M,汉,6073,2,01,FATHER,FRIENDS,1,86.757,湖南省,CONSUME,01,,29.087954,111.68474,ANDROID,,0
100000,,赣州市,赣州市潭东中心小学,,,XCX,4,33.0,M,汉,308,3,,FATHER,FRIENDS,1,83.589,江西省,CONSUME,01,,25.829270833333332,114.92278374565973,ANDROID,,0
100000,,临沂市,刘吉斌个人工作室,,,XCX,2,35.8,M,汉,5181,4,01,COLLEAGUE,FRIENDS,2,70,山东省,CONSUME,01,,35.77181720331177,118.30215831196591,ANDROID,,0
100000,105,南充市,创圣鞋业有限公司,,,APP,2,29.8,M,汉,6123,2,01,MATE,RELATIVES,1,70,四川省,CONSUME,01,,23.064563,114.066527,ANDROID,,0
100000,,承德市,北美超市,,,APP,2,39.3,F,汉,4053,4,01,MOTHER,COLLEAGUE,1,70,河北省,CONSUME,01,,41.05044408632163,118.74420020554986,ANDROID,,0
100000,105,武冈市,星华修理厂,,,XCX,2,27.7,M,汉,1186,4,01,RELATIVES,RELATIVES,2,70,湖南省,CONSUME,01,,27.23244357638889,111.4771497938368,ANDROID,,0
100000,103,昆明市,汪露平个人工作室,,,APP,2,38.5,M,汉,5698,3,01,MATE,CHILDREN,1,82.796,云南省,CONSUME,01,,24.76298367333055,103.30053636401225,ANDROID,,0
100000,,保定市,河北瀚飞铁塔,,,APP,2,38.8,M,汉,4722,2,01,MATE,FRIENDS,1,70,河北省,CONSUME,01,,38.663802,114.985745,ANDROID,,0
100000,105,上饶市,广西益合工程项目管理有限公司,,,APP,3,31.9,M,汉,731,2,01,MATE,OTHER,1,89.94788,江西省,CONSUME,01,,22.811945371392534,108.40945371353803,ANDROID,,0
100000,102,合肥市,范德高个人工作室,,,APP,2,42.3,M,汉,3688,3,01,FATHER,FRIENDS,1,95.073,安徽省,CONSUME,01,,31.962180375752675,117.20743689268338,ANDROID,,0
100000,102,泸州市,鼎盛无极,,,XCX,4,28.2,M,汉,660,2,01,MOTHER,MATE,2,70,四川省,CONSUME,01,,28.89029821511173,105.4017058541536,ANDROID,,0
100000,,宁德市,福建省泉州市美岭水泥有限公司,,,APP,4,35.1,M,汉,6220,3,01,MATE,SIBLING,1,70,福建省,CONSUME,01,,25.428858,118.023802,ANDROID,,0
100000,102,莆田市,仙游洪桥社区,,,APP,2,42.7,M,汉,4530,4,01,RELATIVES,RELATIVES,1,70,福建省,CONSUME,01,,25.363879066998373,118.70440819376081,IOS,,0
100000,,沈阳市,沈阳克拉古斯枫杨置业有限公司,,,XCX,4,42.4,M,汉,2092,3,01,MATE,FRIENDS,2,70,辽宁省,CONSUME,01,,31.35929413884147,120.9572078090567,IOS,,0
100000,403,德宏傣族景颇族自治州,何正平个人工作室,,,APP,2,46.9,F,汉,2373,2,01,MATE,SIBLING,1,70,云南省,CONSUME,02,,24.38949,98.511957,ANDROID,,0
100000,403,四平市,裕丰隆纸业,,,APP,2,41.9,F,汉,4748,2,01,MATE,SIBLING,1,70,吉林省,CONSUME,01,,43.667869571029,124.235862738249,ANDROID,,0
100000,102,吉林市,蛟河市退役军人事务局,,,APP,3,39.6,M,汉,4673,3,01,FATHER,MOTHER,1,88.913,吉林省,CONSUME,01,,43.73356967876617,127.35668981513402,ANDROID,,0
100000,,湛江市,深圳市睿识科技有限公司,,,APP,4,32.1,M,汉,5751,2,01,FRIENDS,FATHER,2,70,广东省,CONSUME,01,,22.754828,113.853905,ANDROID,,0
100000,,怃顺市,铁岭大伙房责任有限公司,,,APP,3,30.7,M,汉,5643,4,01,PARENTS,RELATIVES,1,70,辽宁省,CONSUME,01,,41.911178,124.083663,ANDROID,,0
100000,105,长沙市,湖南天恒建设园林工程有限公司,,,APP,4,35.5,M,汉,3918,3,01,RELATIVES,SIBLING,1,70,湖南省,CONSUME,01,,26.173308624862086,113.78086391749119,ANDROID,,0
100000,,邢台市,国投新疆罗布泊钾盐有限责任公司,,,APP,4,25.9,M,汉,1728,2,01,FATHER,MOTHER,2,70,河北省,CONSUME,01,,42.837275,93.500455,ANDROID,,0
100000,403,重庆市,欧国东个人工作室,,,XCX,2,35.2,M,汉,5590,4,01,MATE,FATHER,1,70,重庆市,CONSUME,01,,29.7033075940422,105.93330684006776,ANDROID,,0
100000,,惠州市,派格森科技有限公司,,,APP,3,24.6,M,汉,3568,2,01,MOTHER,FATHER,2,70,广东省,CONSUME,01,,22.993823,114.198302,ANDROID,,0
100000,,枣庄市,山东丰璟建筑装饰工程有限公司,,,APP,3,30.7,M,汉,6073,2,01,SIBLING,COLLEAGUE,2,86.953,山东省,CONSUME,01,,36.481517,115.978463,ANDROID,,0
100000,403,洛阳市,金海辉家具店,,,APP,2,44.0,F,汉,1301,2,01,OTHER,OTHER,1,70,河南省,CONSUME,01,,22.491472912429793,113.9322049790161,IOS,,0
100000,105,德州市,西北餐饮有限公司,,,APP,2,39.7,M,汉,3007,4,01,MATE,FRIENDS,1,89.592,山东省,CONSUME,01,,36.65837727864584,116.87666314019097,ANDROID,,0
100000,301,保定市,河北汇佳房地产开发有限公司,,,XCX,3,35.5,M,汉,3844,2,01,FATHER,FATHER,1,77.65524,河北省,CONSUME,02,,39.28250325520833,115.9320909288194,ANDROID,,0
100000,,北京市,刘晓东个人工作室,,,APP,3,52.8,M,汉,99999,4,01,FATHER,MATE,1,89.846,北京市,CONSUME,01,,40.145986,116.27068,ANDROID,,0
100000,,开封市,伊记砂锅,,,APP,2,48.3,M,汉,1813,4,01,PARENTS,FRIENDS,1,70,河南省,CONSUME,01,,34.800623,114.356911,ANDROID,,0
100000,306,湛江市,曾锦巧个人工作室,,,XCX,3,27.7,F,汉,1571,4,01,FATHER,SIBLING,1,76.34,广东省,CONSUME,01,,30.706741274033847,120.79654080819076,IOS,,0
100000,,安庆市,嘉怡服饰,,,XCX,2,30.6,M,汉,5716,2,01,FATHER,FRIENDS,2,70,安徽省,CONSUME,01,,30.661565976324238,116.45614218229741,ANDROID,,0
100000,403,贵阳市,优学托管中心,,,APP,3,39.6,F,土家,5627,4,01,MATE,SIBLING,1,90.31,贵州省,CONSUME,01,,26.503186,106.677878,ANDROID,,0
100000,105,七台河市,黑龙江艾迪康医学检验实验室有限公司,,,APP,4,24.3,F,汉,716,2,01,FATHER,FRIENDS,2,92.05085,黑龙江省,CONSUME,01,,46.81373873743342,130.41216950254933,IOS,,0
100000,105,台州市,杭州商业储运有限公司,,,APP,4,31.5,F,汉,5828,3,01,FATHER,FRIENDS,2,70,浙江省,CONSUME,02,,30.298567,120.195771,ANDROID,,0
100000,103,铁岭市,大连金光建设有限公司,,,APP,2,28.7,M,汉,1952,4,01,MATE,COLLEAGUE,1,70,辽宁省,CONSUME,01,,42.238683,123.72593,ANDROID,,0
100000,,泉州市,海洋货运,,,XCX,2,31.1,M,汉,6465,3,01,SIBLING,COLLEAGUE,2,87.164,福建省,CONSUME,01,,24.602846758735983,118.61902970002915,ANDROID,,0
100000,403,怀化市,耳道美容院,,,APP,2,34.8,F,白,6343,2,,PARENTS,FATHER,2,93.152,湖南省,CONSUME,02,,22.746088324652778,114.26594753689236,ANDROID,,0
100000,302,南通市,如皋市袁桥镇纪港村八组25号,,,APP,2,42.1,M,汉,3840,4,01,MATE,FRIENDS,1,86.493,江苏省,CONSUME,01,,32.37463068476104,120.46704555762006,ANDROID,,0
100000,102,潍坊市,青州老城小匠文化传媒有限公司,,,APP,4,37.9,M,回,4008,4,01,MATE,COLLEAGUE,1,70,山东省,CONSUME,01,,36.715838364085119,118.47993257636156,ANDROID,,0
100000,,茂名市,深圳森磊弘泰消防科技有限公司,,,XCX,3,29.8,F,汉,159,2,01,RELATIVES,RELATIVES,2,70,广东省,CONSUME,01,,22.572268478744,113.88545557989795,ANDROID,,0
100000,,青岛市,青岛中联兴邦建筑工程有限公司,,,APP,2,30.9,M,汉,7181,3,01,MATE,FRIENDS,1,90.176,山东省,CONSUME,01,,36.309299,120.33697,ANDROID,,0
100000,102,金华市,双豪建设有限公司,,,APP,2,39.5,M,汉,5401,3,01,FRIENDS,SIBLING,2,70,浙江省,CONSUME,01,,29.184224,120.456328,ANDROID,,0
100000,103,大连市,恒力石化,,,APP,4,23.0,M,汉,2133,2,01,PARENTS,FRIENDS,2,70,辽宁省,CONSUME,01,,39.5629341293198,121.26128502377411,ANDROID,,0
100000,403,淮安市,力富轴承有限公司,,,APP,2,36.7,M,汉,4858,2,,FATHER,FRIENDS,1,70,江苏省,CONSUME,01,,32.358667,119.437706,ANDROID,,0
100000,103,益阳市,长沙璟成汽车配件有限公司,,,APP,2,36.5,M,汉,4150,3,01,FATHER,FRIENDS,1,80.771,湖南省,CONSUME,01,,28.48885882318401,113.16652541668579,ANDROID,,0
100000,,资阳市,成都建工,,,APP,2,29.1,M,汉,1904,2,01,MOTHER,COLLEAGUE,1,87.954,四川省,CONSUME,01,,30.608627,103.924651,ANDROID,,0
100000,103,鸡西市,陕西东腾中智实业有限公司,,,APP,3,44.4,M,汉,4135,4,01,MATE,FRIENDS,1,90.378,黑龙江省,CONSUME,01,,34.320718689785319,108.98353801241402,ANDROID,,0
100000,,温州市,杭州朗山信息技术有限公司,,,XCX,4,40.9,M,汉,3171,4,01,MATE,COLLEAGUE,1,95.561,浙江省,CONSUME,01,,30.30455050998264,120.12363661024305,ANDROID,,0
100000,105,无锡市,无锡市玖江网商信息咨询有限公司,,,XCX,3,38.5,M,汉,3535,4,01,MATE,FATHER,1,70,江苏省,CONSUME,01,,31.621375596788194,120.34885687934027,ANDROID,,0
100000,,遵义市,深圳市英武低空有限责任公司,,,APP,4,38.5,M,汉,3778,3,01,MATE,COLLEAGUE,1,86.518,贵州省,CONSUME,01,,22.564352980030493,113.91519377092493,ANDROID,,0
100000,,武威市,杨志兴个人工作室,,,APP,3,34.2,M,汉,5990,3,01,MATE,RELATIVES,1,70,甘肃省,CONSUME,02,,40.783792,111.724722,ANDROID,,0
100000,102,锦州市,中铁十二局集团第三工程有限公司,,,APP,4,35.7,M,满,4051,3,01,MATE,SIBLING,1,89.16,辽宁省,CONSUME,01,,30.074804462728886,101.96575103275869,ANDROID,,0
100000,,新余市,美团外卖,,,APP,2,27.2,M,汉,2541,2,01,FATHER,COLLEAGUE,2,70,江西省,CONSUME,01,,27.813511,114.96163,ANDROID,,0
100000,105,温州市,浙江澳林控股集团有限公司,,,XCX,2,42.7,M,汉,6459,2,01,PARENTS,SIBLING,3,70,浙江省,CONSUME,01,,30.29080852530006,120.39512683166736,ANDROID,,0
100000,105,湛江市,广州珠江物业管理,,,XCX,2,48.1,M,汉,490,2,01,SIBLING,COLLEAGUE,1,70,广东省,CONSUME,01,,20.56829990686521,110.09933923194864,ANDROID,,0
100000,301,温州市,上海路丛实业有限公司,,,APP,3,39.9,M,汉,4852,4,01,RELATIVES,FATHER,1,86.054,浙江省,CONSUME,01,,31.02262856213557,121.1998371144218,ANDROID,,0
100000,104,铜仁市,万向一二三股份有限公司,,,XCX,4,27.3,M,苗,6896,2,01,FATHER,SIBLING,2,82.479,贵州省,CONSUME,01,,30.19456597222222,120.28554036458333,ANDROID,,0
100000,102,双鸭山市,建龙有限公司,,,APP,2,37.7,M,汉,5527,3,,SIBLING,COLLEAGUE,2,70,黑龙江省,CONSUME,02,,46.581635,131.152954,ANDROID,,0
100000,102,临沂市,万家惠购物中心,,,XCX,4,34.3,F,汉,596,4,01,MOTHER,FRIENDS,1,70,山东省,CONSUME,01,,35.64788234285519,118.73876869111433,ANDROID,,0
100000,,昆明市,杨付军个人工作室,,,APP,4,35.6,M,彝,3931,4,01,MATE,COLLEAGUE,1,70,云南省,CONSUME,01,,25.550355,102.464683,ANDROID,,0
100000,105,滨州市,山东德利铝业科技有限公司,,,APP,2,47.5,M,汉,672,2,01,MATE,FRIENDS,1,84.757,山东省,CONSUME,01,,36.90213234700393,117.76673866807893,ANDROID,,0
100000,103,厦门市,厦门恒和心诚房地产有限公司,,,APP,3,52.6,M,汉,2450,4,01,MATE,FRIENDS,1,95.0,福建省,CONSUME,01,,25.321624142162706,118.30984664610466,ANDROID,,0
100000,105,漳州市,家舒家具有限公司,,,APP,2,31.0,M,汉,299,3,01,FATHER,SIBLING,2,90.689,福建省,CONSUME,01,,24.571233,118.055913,ANDROID,,0
100000,102,秦皇岛市,秦皇岛双隆建设工程有限公司,,,XCX,3,29.1,F,汉,7018,4,01,MOTHER,MATE,1,70,河北省,CONSUME,01,,23.214544570410998,113.24019682525715,ANDROID,,0
100000,103,锦州市,木兴源小区便利店,,,APP,4,41.2,F,汉,5510,4,01,MATE,FRIENDS,1,82.892,辽宁省,CONSUME,01,,41.18381277537637,121.3674622177018,ANDROID,,0
100000,303,安顺地区,罗琴琴个人工作室,,,XCX,2,34.7,F,汉,4446,2,01,CHILDREN,FRIENDS,3,70,贵州省,CONSUME,02,,28.486979166666668,121.2935205078125,ANDROID,,0
100000,,许昌市,许昌天速商贸有限公司,,,XCX,4,27.7,M,汉,952,2,01,FRIENDS,FRIENDS,2,70,河南省,CONSUME,01,,34.0877587890625,114.22810709635417,ANDROID,,0
100000,103,开封市,喜来乐超市,,,APP,2,28.1,M,汉,904,4,01,SIBLING,SIBLING,2,70,河南省,CONSUME,01,,34.418845,114.214292,ANDROID,,0
100000,103,济宁市,嘉祥兴远石雕工艺品有限公司,,,APP,2,40.1,M,汉,3848,4,01,MATE,FRIENDS,1,86.836,山东省,CONSUME,01,,35.426876617279408,116.37154237484229,ANDROID,,0
100000,,芜湖市,芜湖市圣扬禽业有限公司,,,APP,3,41.4,M,汉,4009,3,01,MOTHER,FRIENDS,3,70,安徽省,CONSUME,01,,31.277642,118.354416,ANDROID,,0
100000,102,吉林市,吉林得力斯食品有限公司,,,APP,3,35.7,F,汉,3855,4,01,MATE,MATE,1,70,吉林省,CONSUME,01,,43.315243048302168,127.33991989866607,ANDROID,,0
100000,,菏泽市,泰康人寿保险公司,,,APP,4,24.3,F,汉,1738,4,01,FATHER,COLLEAGUE,2,70,山东省,CONSUME,01,,39.871135,116.464233,ANDROID,,0
100000,103,邢台市,中国人民保险河北省内丘支公司,,,APP,4,23.1,M,汉,2513,2,01,PARENTS,PARENTS,2,70,河北省,CONSUME,01,,37.29174216757563,114.53280106302582,ANDROID,,0
100000,105,鸡西市,龙行社区,,,APP,2,53.3,F,回,65,4,01,FRIENDS,FRIENDS,1,91.666,黑龙江省,CONSUME,01,,45.31000566995766,131.0073340229743,ANDROID,,0
100000,,资阳市,资阳市苌睿发展集团有限公司,,,XCX,3,24.8,M,汉,1498,2,01,FATHER,SIBLING,2,70,四川省,CONSUME,01,,30.116763,104.616492,IOS,,0
100000,,梅州市,凯奕运输服务部,,,APP,2,34.5,M,汉,6808,3,01,MATE,SIBLING,1,90.297,广东省,CONSUME,01,,24.282007,115.963891,ANDROID,,0
100000,,安顺市,华强眼镜公司,,,XCX,2,33.1,M,布依,4718,4,01,PARENTS,PARENTS,1,70,贵州省,CONSUME,01,,25.925692274305554,106.13259847005209,ANDROID,,0
100000,,潍坊市,寇新岩个人工作室,,,APP,2,23.5,M,汉,1025,4,01,FATHER,OTHER,2,70,山东省,CONSUME,01,,36.504552,119.196549,ANDROID,,0
100000,102,淮安市,苏州艾利有限公司,,,APP,3,33.4,M,汉,5949,2,01,SIBLING,MATE,1,70,江苏省,CONSUME,01,,33.288093309617718,118.90967053155797,ANDROID,,0
100000,102,十堰市,东风商用车有限公司车辆工厂,,,XCX,2,32.6,M,汉,803,4,01,MATE,FRIENDS,1,95.072,湖北省,CONSUME,01,,32.89260144984703,110.30011987785474,ANDROID,,0
100000,,德州市,山东省济南市山大地纬,,,XCX,4,25.3,M,汉,1786,2,01,FATHER,RELATIVES,2,78.05737,山东省,CONSUME,01,,37.432466516875937,116.36199318051748,IOS,,0
100000,,济南市,山东鲁信天一印务有限公司,,,APP,3,23.3,M,汉,2326,3,01,FRIENDS,FRIENDS,2,70,山东省,CONSUME,01,,36.724794,117.128376,ANDROID,,0
100000,103,茂名市,家林水业,,,APP,2,40.1,M,汉,6511,3,,FATHER,FRIENDS,1,70,广东省,CONSUME,02,,22.794938,113.826168,ANDROID,,0
100000,,湛江市,广东五星建筑工程有限公司,,,APP,2,26.2,M,汉,959,2,01,FATHER,FRIENDS,2,70,广东省,CONSUME,01,,32.075638,117.08336,ANDROID,,0
100000,,濮阳市,河南省濮阳市弘程教育咨询有限公司,,,APP,3,43.0,F,汉,7071,3,01,MATE,MOTHER,1,88.575,河南省,CONSUME,01,,35.763654,115.108544,ANDROID,,0
100000,,茂名市,作霖养鸡档,,,XCX,2,30.2,M,汉,7166,2,01,SIBLING,MATE,1,85.13,广东省,CONSUME,01,,22.16920350864214,110.71682857209163,ANDROID,,0
100000,,菏泽市,水发集团有限公司,,,APP,4,27.5,F,汉,1319,4,01,MOTHER,SIBLING,2,70,山东省,CONSUME,01,,34.94482,115.908952,ANDROID,,0
100000,,抚州市,张永个人工作室,,,APP,2,28.4,M,汉,2157,3,01,RELATIVES,FATHER,2,70,江西省,CONSUME,01,,27.777206978288399,116.16071806835726,ANDROID,,0
100000,104,乐东黎族自治县,海南康芝药业有限公司,,,APP,3,36.1,M,汉,4428,4,01,FRIENDS,FRIENDS,1,70,海南省,CONSUME,02,,19.99532,110.251742,ANDROID,,0
100000,,邵阳市,比亚迪汽工业,,,XCX,4,23.7,M,汉,3030,2,01,FRIENDS,COLLEAGUE,2,86.337,湖南省,CONSUME,01,,34.079561903211804,108.67979248046875,ANDROID,,0
100000,,重庆市,重庆惠科有限公司,,,APP,3,23.4,M,汉,2898,3,01,FRIENDS,COLLEAGUE,2,70,重庆市,CONSUME,01,,29.531058,108.830223,ANDROID,,0
100000,,赤峰市,赵砚峰个人工作室,,,APP,3,27.9,M,汉,1191,4,01,RELATIVES,FRIENDS,2,95.324,内蒙古自治区,CONSUME,02,,42.935222,119.009053,ANDROID,,0
100000,,重庆市,夏学清个人工作室,,,APP,2,47.5,M,汉,4515,2,01,COLLEAGUE,SIBLING,2,70,重庆市,CONSUME,01,,23.35903056226875,116.05211347768082,ANDROID,,0
100000,105,唐山市,唐山市祥云物资经销处,,,APP,2,47.0,M,汉,99999,4,01,FRIENDS,FRIENDS,1,90.218,河北省,CONSUME,01,,39.646678290787999,118.15371846085435,ANDROID,,0
100000,,徐州市,广州斐木贸易有限公司,,,APP,3,30.2,M,汉,597,4,,MATE,SIBLING,1,70,江苏省,CONSUME,01,,34.2725816514757,117.22657172309027,ANDROID,,0
100000,105,遵义市,环境保护局,,,XCX,4,33.7,F,汉,5898,4,01,FRIENDS,FRIENDS,1,70,贵州省,CONSUME,01,,27.7863236631816,106.40663468555352,ANDROID,,0
100000,103,湘乡市,郡优教育,,,APP,4,37.3,F,汉,3892,2,,SIBLING,SIBLING,1,75.385,湖南省,CONSUME,02,,28.243053,113.098826,ANDROID,,0
100000,102,辽源市,吉林省辽源市龙山区新兴街道东盛社区,,,XCX,4,35.2,F,汉,5286,2,01,MATE,FRIENDS,1,76.96346,吉林省,CONSUME,01,,42.9209799042044,125.19325086483312,ANDROID,,0
100000,102,昭通市,温州市户户发装饰工程有限公司,,,APP,2,39.9,M,汉,5087,4,01,RELATIVES,RELATIVES,1,70,云南省,CONSUME,01,,27.946295008669467,120.5799948729713,ANDROID,,0
100000,102,襄阳市,湖北仙桃健鼎电子有限公司,,,XCX,2,26.6,M,汉,1567,2,01,FRIENDS,COLLEAGUE,2,70,湖北省,CONSUME,01,,30.34603606044294,113.43537477899686,ANDROID,,0
100000,103,曲靖市,栖漫酒店,,,APP,3,27.8,F,汉,717,2,01,MOTHER,FATHER,2,70,云南省,CONSUME,01,,25.017962332864355,102.72979290443364,ANDROID,,0
100000,,岳阳市,林卡集团,,,APP,2,22.6,M,汉,1729,3,01,COLLEAGUE,FRIENDS,2,70,湖南省,CONSUME,01,,32.397661,119.381678,ANDROID,,0
100000,,揭阳市,恒香园夜茶,,,XCX,2,45.7,M,汉,280,4,01,MATE,CHILDREN,1,70,广东省,CONSUME,01,,23.293546926669347,116.299095864805182,ANDROID,,0
100000,102,信阳市,闪维科技（北京）科技有限公司,,,APP,4,44.3,M,汉,1717,4,01,PARENTS,PARENTS,2,70,河南省,CONSUME,01,,39.95027672773613,116.22275638943967,ANDROID,,0
100000,102,温州市,同顺压痕,,,APP,2,44.0,M,汉,1000,4,01,MATE,SIBLING,1,70,浙江省,CONSUME,01,,27.49755183575586,120.45703128233652,ANDROID,,0
100000,103,重庆市,上海市延锋彼欧骑车配件有限公司,,,XCX,2,31.7,M,土家,665,2,01,FRIENDS,FRIENDS,2,81.189,重庆市,CONSUME,01,,24.598080630558696,118.11630094455812,ANDROID,,0
100000,,盐城市,金竹科技,,,APP,3,34.0,F,汉,5884,2,01,FATHER,FRIENDS,1,70,江苏省,CONSUME,01,,33.374807,120.216325,ANDROID,,0
100000,105,海口市,海南亚晟贸易有限公司公司,,,APP,4,49.1,M,汉,1163,4,01,MOTHER,COLLEAGUE,1,95.072,海南省,CONSUME,01,,20.033812169010493,110.3445411984368,ANDROID,,0
100000,105,乌海市,乌海市慧煜商贸有限公司,,,APP,4,37.8,M,汉,5192,4,01,MATE,SIBLING,1,84.362,内蒙古自治区,CONSUME,01,,39.696816468252738,106.82874062680834,ANDROID,,0
100000,,南昌市,江西三妮实业有限公司,,,APP,2,48.8,M,汉,561,3,01,MATE,FRIENDS,1,70,江西省,CONSUME,01,,28.780246,116.267082,ANDROID,,0
100000,,松原市,刘广伟个人工作室,,,XCX,2,34.6,M,汉,6064,3,01,PARENTS,FRIENDS,3,70,吉林省,CONSUME,01,,39.004964703132838,121.63133850333756,ANDROID,,0
100000,,遂宁市,成都榜上有喵网络科技有限公司,,,XCX,2,25.7,M,汉,1408,2,01,FATHER,FRIENDS,1,70,四川省,CONSUME,01,,30.522894422743054,103.99938503689236,ANDROID,,0
100000,102,德州市,北京东方尚美文化传媒有限公司,,,APP,2,36.0,M,汉,7013,2,01,MATE,FRIENDS,1,79.712,山东省,CONSUME,01,,37.2801675166462,79.74940880554007,ANDROID,,0
100000,,常州市,常州现代混凝土有限公司,,,APP,2,48.5,M,汉,5122,3,01,MATE,COLLEAGUE,1,70,江苏省,CONSUME,01,,31.76093,119.602512,ANDROID,,0
100000,103,朝阳市,台吉二工村社区卫生服务站,,,APP,4,46.3,F,汉,2227,2,01,MOTHER,FRIENDS,1,70,辽宁省,CONSUME,01,,41.80629373464306,120.75406950181326,ANDROID,,0
100000,105,安阳市,李伟个人工作室,,,APP,2,42.5,M,汉,3738,2,01,MATE,FRIENDS,1,70,河南省,CONSUME,01,,35.809283,114.61949,ANDROID,,0
100000,103,南通市,李其豹个人工作室,,,APP,3,38.7,M,汉,6112,3,01,MATE,FRIENDS,1,85.879,江苏省,CONSUME,01,,32.31107734605419,120.80050896423663,ANDROID,,0
100000,103,龙岩市,东升钢结构有限公司,,,APP,2,48.8,F,汉,417,3,01,MATE,FRIENDS,1,70,福建省,CONSUME,01,,22.91215755765381,113.94905132903665,ANDROID,,0
100000,104,襄阳市,武汉融曙商务服务有限公司,,,APP,3,29.2,M,汉,464,3,01,MATE,MOTHER,1,90.064,湖北省,CONSUME,01,,31.711976088271255,112.27161184731306,ANDROID,,0
100000,,福州市,福建亿慧信息技术有限公司,,,XCX,3,31.6,F,汉,7106,2,,MOTHER,MATE,1,83.71,福建省,CONSUME,01,,26.134971151817714,119.2094421300419,ANDROID,,0
100000,105,安庆市,安徽省优先森食品有限公司,,,APP,4,29.8,F,汉,5951,3,01,MATE,COLLEAGUE,1,77.862,安徽省,CONSUME,02,,30.516606122645915,117.09997501893635,ANDROID,,0
100000,103,常德市,东莞睿成精密五金弹簧有限公司,,,APP,3,30.9,M,汉,5608,4,01,MATE,FRIENDS,1,70,湖南省,CONSUME,01,,22.790128,113.7804,ANDROID,,0
100000,,滨州地区,樊梦霞个人工作室,,,APP,3,26.5,F,汉,1328,2,,COLLEAGUE,FRIENDS,2,70,山东省,CONSUME,02,,37.342601788141,117.680351263678,ANDROID,,0
100000,103,信阳市,大河浴都,,,APP,2,41.0,M,汉,3849,2,01,FRIENDS,SIBLING,1,95.157,河南省,CONSUME,02,,32.464425,114.037349,ANDROID,,0
100000,102,松原市,前郭县阳光村镇银行,,,APP,4,35.9,F,汉,4486,4,01,MATE,FRIENDS,1,88.913,吉林,CONSUME,01,,45.14543522118462,124.81677697697194,IOS,,0
100000,103,东营市,颐美养生国际有限责任公司,,,APP,3,32.8,F,汉,6439,2,01,COLLEAGUE,SIBLING,1,77.453,山东省,CONSUME,01,,37.4734433562331,118.52919979320426,ANDROID,,0
100000,105,漳州市,陈海勇个人工作室,,,APP,3,54.7,M,汉,79,3,01,SIBLING,SIBLING,1,88.757,福建省,CONSUME,01,,23.803504104244465,117.42170776220633,ANDROID,,0
100000,,漳州市,庄林鑫个人工作室,,,APP,3,25.4,M,汉,1941,2,01,FATHER,FRIENDS,2,70,福建省,CONSUME,01,,24.600721,118.089132,ANDROID,,0
100000,,吴忠市,同心县奇虎商场,,,APP,3,44.7,M,回,5450,4,01,MATE,CHILDREN,1,70,宁夏回族自治区,CONSUME,01,,36.96923,105.906941,ANDROID,,0
100000,104,常州市,江苏省无锡市滨湖区东吴成套有限公司,,,APP,2,32.4,M,汉,5158,2,01,MOTHER,FRIENDS,2,70,江苏省,CONSUME,02,,31.507542,120.105608,ANDROID,,0
100000,102,临沧市,临翔区翰林幼儿园,,,XCX,4,26.7,F,汉,1015,4,01,FATHER,SIBLING,1,92.115,云南省,CONSUME,01,,23.89711792511921,100.11952543086348,ANDROID,,0
100000,,龙岩市,厦门炜烽塑胶有限公司,,,APP,3,43.2,F,汉,4624,4,01,MATE,RELATIVES,1,70,福建省,CONSUME,01,,24.56008816189236,117.92550835503472,ANDROID,,0
100000,,巴中市,杨永宁个人工作室,,,APP,3,25.2,M,汉,1954,2,01,FATHER,FRIENDS,2,70,四川省,CONSUME,01,,22.873229,113.813043,ANDROID,,0
100000,104,武汉市,鼎捷软件股份有限公司,,,XCX,4,31.7,F,汉,5782,3,01,FATHER,FRIENDS,2,70,湖北省,CONSUME,01,,30.6575244140625,114.31556070963542,ANDROID,,0
100000,102,白山市,私营业主,,,APP,4,45.9,M,汉,4487,3,01,MATE,FRIENDS,1,95.0,吉林省,CONSUME,01,,41.95158168310419,126.44289366321729,ANDROID,,0
100000,,佛山市,金湘坊装饰材料有限公司,,,APP,2,39.2,M,汉,3646,4,01,MATE,FRIENDS,1,70,广东省,CONSUME,01,,22.965875,112.838847,ANDROID,,0
100000,102,泉州市,泉州东方星辰企业服务有限公司,,,APP,4,27.7,M,汉,784,4,01,RELATIVES,FRIENDS,2,70,福建省,CONSUME,01,,24.931436980413144,118.68133973791319,ANDROID,,0
100000,403,河源市,梦里有你,,,XCX,2,45.1,M,汉,5536,4,01,FATHER,FRIENDS,1,70,广东省,CONSUME,01,,23.633235405815974,114.69720920138889,ANDROID,,0
100000,,宿州市,王立强个人工作室,,,APP,2,43.2,M,汉,5060,3,01,MATE,COLLEAGUE,1,70,安徽省,CONSUME,01,,33.41616970486111,117.56750623914931,ANDROID,,0
100000,,宿迁市,南京若驰网络科技有限公司,,,APP,4,28.3,M,汉,6478,3,01,FATHER,FATHER,1,70,江苏省,CONSUME,02,,32.09996030980929,118.91208472895048,ANDROID,,0
100000,105,洛阳市,河南芳园绿化发展有限公司,,,APP,3,48.1,M,汉,536,2,01,MATE,SIBLING,1,70,河南省,CONSUME,01,,34.666827203825679,112.39075305774837,ANDROID,,0
100000,,宜宾市,长宁县加华竹业有限公司,,,APP,4,27.1,M,汉,2102,2,01,FATHER,MOTHER,2,70,四川省,CONSUME,02,,28.372207,104.96668,ANDROID,,0
100000,,德阳市,四川广鑫铝业有限公司,,,APP,2,41.9,M,汉,2058,3,01,CHILDREN,COLLEAGUE,1,70,四川省,CONSUME,01,,30.01082,103.754133,ANDROID,,0
100000,103,肇庆市,八五七酒吧,,,APP,2,44.9,F,汉,3346,4,01,SIBLING,CHILDREN,1,87.227,广东省,CONSUME,01,,23.740932,111.813625,ANDROID,,0
100000,103,宿州市,风顺家庭农场,,,APP,3,27.9,M,汉,1518,3,01,RELATIVES,FRIENDS,1,70,安徽省,CONSUME,01,,34.19987038352169,116.97894138899042,ANDROID,,0
100000,102,揭阳市,百货超市,,,APP,4,41.7,F,汉,3631,3,01,RELATIVES,RELATIVES,2,70,广东省,CONSUME,01,,23.469039,116.339332,ANDROID,,0
100000,102,泰州市,阁越精密模具,,,APP,2,35.8,F,汉,5226,2,01,RELATIVES,RELATIVES,1,70,江苏省,CONSUME,01,,31.440194,120.953259,ANDROID,,0
100000,103,九江市,深圳市爱施德股份有限公司,,,APP,4,32.3,M,汉,5866,2,01,FRIENDS,FATHER,2,91.907,江西省,CONSUME,01,,29.664574281126407,115.95909577891828,ANDROID,,0
100000,104,梅州市,恩斯迈电子有限公司,,,APP,3,25.2,M,汉,618,2,01,FATHER,COLLEAGUE,2,78.19273,广东省,CONSUME,01,,24.28429881923247,116.13458880914792,ANDROID,,0
100000,,恩施土家族苗族自治州,东莞伟易达电子厂,,,XCX,2,27.0,M,土家,503,4,01,FATHER,SIBLING,2,70,湖北省,CONSUME,01,,29.60823757595486,109.51461018880208,ANDROID,,0
100000,105,亳州市,亚祥广告,,,APP,2,47.7,M,汉,1615,2,01,MATE,FRIENDS,1,70,安徽省,CONSUME,01,,24.66563353904087,118.46687401361908,ANDROID,,0
100000,310,哈尔滨市,五常新华医院,,,APP,4,27.8,F,满,839,2,01,FATHER,FRIENDS,2,80.03,黑龙江省,CONSUME,01,,44.9256461299908,127.16069653816509,IOS,,0
100000,104,泰州市,中国农业银行,,,APP,4,41.6,M,汉,4579,4,,MATE,FRIENDS,1,70,江苏省,CONSUME,01,,32.899015,119.842173,ANDROID,,0
100000,309,苏州市,太仓中南锦城房地产开发有限公司,,,XCX,4,33.7,M,汉,4814,2,,FRIENDS,MOTHER,1,70,江苏省,CONSUME,01,,31.43445005380494,121.138620583781,ANDROID,,0
100000,310,铁岭市,沈阳北飞机械厂,,,APP,2,25.7,M,满,2467,4,01,PARENTS,COLLEAGUE,2,70,辽宁省,CONSUME,01,,41.884756,123.425195,ANDROID,,0
100000,301,淮安市,南京嘉环网络通信技术有限公司,,,APP,3,32.9,M,汉,245,3,01,FATHER,FRIENDS,1,70,江苏省,CONSUME,01,,31.946809075338128,118.70562594276004,ANDROID,,0
100000,,湛江市,吴春强个人工作室,,,APP,2,37.4,M,汉,3792,2,01,COLLEAGUE,COLLEAGUE,1,70,广东省,CONSUME,01,,20.924925,110.06505,ANDROID,,0
100000,,云浮市,越玖皮具,,,APP,2,26.9,M,汉,1026,2,01,COLLEAGUE,SIBLING,2,70,广东省,CONSUME,01,,22.723373,114.198092,ANDROID,,0
100000,102,苏州市,金阊街道办事处,,,XCX,4,45.5,F,汉,3781,2,01,PARENTS,COLLEAGUE,2,70,江苏省,CONSUME,01,,31.341831300992646,120.62345497310153,ANDROID,,0
100000,301,昆眀市,贝泰妮生物科技有限公司,,,APP,2,25.9,F,彝,1109,3,01,FATHER,MOTHER,2,70,云南省,CONSUME,01,,24.760512,102.778299,ANDROID,,0
100000,,梧州市,鸿图精密压铸有限公司,,,APP,2,27.7,M,汉,196,2,,MATE,SIBLING,1,77.525,广西壮族自治区,CONSUME,01,,23.140054,113.085264,ANDROID,,0
100000,,郴州市,网易游戏,,,APP,4,28.7,M,汉,2554,3,01,SIBLING,FRIENDS,2,70,湖南省,CONSUME,01,,23.1624,113.376214,ANDROID,,0
100000,,马鞍山市,安徽华天股份有限公司,,,APP,3,32.6,M,汉,5367,4,01,RELATIVES,FRIENDS,2,82.828,安徽省,CONSUME,01,,31.573747185800529,118.84670476932682,ANDROID,,0
100000,105,孝感市,浙江省台州市玉环县坎门街道解放塘路156号中本机械有限公司,,,APP,2,51.0,F,汉,596,2,01,MATE,FRIENDS,1,86.166,湖北省,CONSUME,01,,28.083766795050879,121.28459362172257,ANDROID,,0
100000,105,齐齐哈尔市,范海霞个人工作室,,,APP,2,45.2,F,汉,3317,4,01,FATHER,MATE,1,75.48462,黑龙江省,CONSUME,01,,48.48309394156385,124.91214313835127,ANDROID,,0
100000,104,杭州市,杭州上城区,,,XCX,3,22.1,F,汉,1618,4,01,FATHER,FRIENDS,2,70,浙江省,CONSUME,01,,40.430262,116.079646,IOS,,0
100000,,赣州市,威创达钟表有限公司,,,XCX,2,41.0,M,汉,4514,2,,FRIENDS,FATHER,2,70,江西省,CONSUME,02,,23.479517144097223,113.19537814670139,ANDROID,,0
100000,,汝州市,汝州新奥燃气有限公司,,,XCX,4,52.0,F,汉,4043,2,,FATHER,RELATIVES,3,70,河南省,CONSUME,04,,34.1044384765625,112.67525282118055,ANDROID,,0
100000,103,淄博市,高青县扳倒井股份有限公司,,,XCX,3,31.5,M,汉,6334,4,01,COLLEAGUE,MOTHER,2,81.258,山东省,CONSUME,01,,37.18157042931935,117.83045441565845,ANDROID,,0
100000,,晋中市,晋中市远哲电子科技有限公司,,,APP,3,39.7,F,汉,5318,4,01,FATHER,SIBLING,2,70,山西省,CONSUME,01,,39.397657,116.99301,ANDROID,,0
100000,,余姚市,宁波宁兴新宇汽车销售服务有限公司,,,APP,3,26.6,M,汉,1560,2,01,FATHER,FRIENDS,2,70,浙江省,CONSUME,01,,30.08784884982639,121.16115261501736,ANDROID,,0
100000,,鄂尔多斯市,内蒙古中兴建设集团,,,XCX,4,23.5,F,汉,1931,3,01,PARENTS,PARENTS,2,70,内蒙古自治区,CONSUME,01,,39.8279177330194,109.98888273756119,ANDROID,,0
100000,,宁波市,浙江新寰科,,,XCX,3,24.6,M,汉,2178,3,01,MOTHER,OTHER,2,70,浙江省,CONSUME,02,,29.953583984375,121.73246283637152,ANDROID,,0
100000,104,通辽市,淄博至信投资有限公司,,,XCX,4,35.3,M,蒙古,4753,4,01,MATE,FRIENDS,1,70,内蒙古自治区,CONSUME,01,,36.84104745192071,118.07516588715318,ANDROID,,0
100000,104,开封市,蒋梦雨个人工作室,,,APP,2,24.4,F,汉,972,4,01,MATE,SIBLING,1,70,河南省,CONSUME,01,,34.437120515861419,114.3280911930941,ANDROID,,0
100000,105,黄冈市,广州极飞科技有限公司,,,APP,3,46.6,M,汉,139,3,01,MATE,MOTHER,1,70,湖北省,CONSUME,01,,30.62879749890581,120.45643595159953,ANDROID,,0
100000,,南宁市,东鹏饮料,,,XCX,3,22.1,M,汉,2730,4,01,FATHER,SIBLING,2,70,广西壮族自治区,CONSUME,01,,22.984935709635415,113.63594835069445,ANDROID,,0
100000,105,马鞍山市,向山镇综合执法中队,,,APP,4,33.5,M,汉,6462,4,01,MATE,FATHER,1,70,安徽省,CONSUME,01,,31.673475488286376,118.57928431558311,ANDROID,,0
100000,102,济南市,济南公交集团,,,APP,2,36.0,F,汉,4771,4,01,MATE,FRIENDS,1,75.35701,山东省,CONSUME,01,,36.59771425917952,116.96536388613923,ANDROID,,0
100000,103,重庆市,四川邦隆包装设计有限,,,XCX,2,37.8,M,汉,4640,3,01,RELATIVES,FRIENDS,1,70,重庆市,CONSUME,01,,30.693539,103.912683,ANDROID,,0
100000,,湛江市,TCL华星光电,,,XCX,3,32.7,M,汉,5772,2,01,SIBLING,SIBLING,2,91.779,广东省,CONSUME,01,,22.71940870573361,113.95060741368683,ANDROID,,0
100000,105,南充市,张龙个人工作室,,,XCX,2,29.8,M,汉,1969,4,01,CHILDREN,FATHER,2,70,四川省,CONSUME,01,,31.217890392153629,106.22315331403682,ANDROID,,0
100000,301,邯郸市,家庭工作人士,,,APP,2,24.7,M,汉,2283,2,01,MOTHER,FRIENDS,2,70,河北省,CONSUME,01,,39.00761512021635,116.00975262455563,ANDROID,,0
100000,102,濮阳市,文登区本帅工程队,,,XCX,2,35.6,M,汉,5346,4,01,MATE,RELATIVES,1,85.221,河南省,CONSUME,02,,30.73620443980573,105.48316876035944,ANDROID,,0
100000,105,内江市,李艳个人工作室,,,APP,2,34.7,F,汉,4457,4,01,SIBLING,FRIENDS,1,70,四川省,CONSUME,01,,30.596628,104.099323,ANDROID,,0
100000,102,保定市,温静个人工作室,,,APP,4,38.7,F,汉,3955,2,01,FATHER,FRIENDS,1,79.057755,河北省,CONSUME,01,,38.88738730216308,115.50493415152846,ANDROID,,0
100000,,台州市,三门县兴家家庭农场,,,APP,2,44.4,M,汉,795,3,01,FRIENDS,FRIENDS,1,70,浙江省,CONSUME,01,,29.0379,121.344561,ANDROID,,0
100000,105,邯郸市,王永虎个人工作室,,,APP,3,40.6,M,汉,6587,4,01,RELATIVES,RELATIVES,1,70,河北省,CONSUME,01,,36.24155233926858,114.87326417901072,ANDROID,,0
100000,,北京市,曹楠个人工作室,,,APP,4,38.1,F,汉,4239,2,01,FRIENDS,FRIENDS,1,70,北京市,CONSUME,01,,39.946102,116.470560,ANDROID,,0
100000,105,淄博市,山东大槐树,,,APP,3,24.6,M,汉,1389,2,01,FATHER,FRIENDS,2,75.59197,山东省,CONSUME,01,,36.81002221115025,118.07348427938945,ANDROID,,0
100000,,沧州市,河北华北石油荣盛机械制造有限公司,,,APP,2,39.3,M,汉,4827,2,01,MATE,FRIENDS,1,70,河北省,CONSUME,01,,38.671600344205,116.094017037174,ANDROID,,0
100000,102,承德市,河南省驻马店市卢师傅月饼厂,,,XCX,4,26.6,M,汉,1542,2,01,FRIENDS,FRIENDS,2,80.03,河北省,CONSUME,01,,37.70599907625757,121.05940086598592,ANDROID,,0
100000,,绍兴市,潘佳垚个人工作室,,,APP,3,29.8,M,汉,6335,2,01,MATE,CHILDREN,1,90.895,浙江省,CONSUME,01,,29.96762,120.788352,ANDROID,,0
100000,105,邢台市,华夏建筑工程技术有限公司,,,APP,3,36.4,M,汉,4400,2,01,SIBLING,FATHER,1,70,河北省,CONSUME,01,,37.08394920041224,114.4769434076261,ANDROID,,0
100000,105,西安市,西安力传智能技术有限公司,,,APP,4,34.3,M,汉,4513,3,01,MATE,FRIENDS,1,70,陕西省,CONSUME,01,,34.184343,108.933537,ANDROID,,0
100000,102,哈尔滨市,长治高新区金思邈艾灸馆,,,XCX,4,35.5,F,满,4866,4,01,RELATIVES,RELATIVES,1,70,黑龙江省,CONSUME,01,,36.215172999109757,113.13014284995332,ANDROID,,0
100000,103,丽江市,永胜县工商联合会,,,APP,4,51.0,M,彝,1225,4,01,MATE,FRIENDS,1,93.063,云南省,CONSUME,01,,26.448081941945163,100.76794843940519,ANDROID,,0
100000,,杭州市,北京航天宏图信息技术有限公司,,,APP,3,38.3,M,汉,3212,3,01,FATHER,FRIENDS,2,88.497,浙江省,CONSUME,01,,30.324737,120.17998,ANDROID,,0
100000,102,湛江市,张日恒个人工作室,,,APP,2,39.9,M,汉,4127,3,,FRIENDS,COLLEAGUE,3,70,广东省,CONSUME,01,,24.187752006608468,113.42074708226773,ANDROID,,0
100000,,成都市,曾昌武个人工作室,,,APP,2,35.7,M,汉,6608,3,01,SIBLING,FRIENDS,3,95.072,四川省,CONSUME,01,,30.622288,104.029726,ANDROID,,0
100000,,沧州市,鲁达商贸,,,XCX,4,31.6,F,汉,5744,4,01,MATE,FRIENDS,2,78.889,河北省,CONSUME,01,,23.410834430257567,113.22402479830569,IOS,,0
100000,103,天津市,胡伟个人工作室,,,XCX,4,40.0,M,汉,3581,3,01,FATHER,SIBLING,1,70,天津市,CONSUME,01,,38.9955825601815,117.4702119786049,IOS,,0
100000,,重庆市,李佳樾个人工作室,,,APP,3,22.4,M,汉,2641,4,01,FRIENDS,FATHER,2,70,重庆市,CONSUME,01,,29.662108,106.518831,ANDROID,,0
100000,102,酒泉市,瓜州新盛安北风力发电有限公司,,,APP,3,31.0,M,汉,1442,4,01,MATE,FATHER,2,86.142,甘肃省,CONSUME,01,,40.31452460717678,97.33350564907102,ANDROID,,0
100000,103,商丘市,郝从强个人工作室,,,XCX,3,42.7,M,汉,4519,2,01,FATHER,FATHER,1,70,河南省,CONSUME,01,,33.72793,113.252785,ANDROID,,0
100000,103,承德市,私营业主,,,APP,4,29.4,M,汉,1175,2,01,RELATIVES,FRIENDS,2,93.0,河北省,CONSUME,01,,40.42376398911057,117.50783635715158,ANDROID,,0
100000,,广元市,四川天府医疗人才服务有限公司,,,APP,4,34.8,M,汉,5079,2,01,FATHER,MOTHER,1,88.626,四川省,CONSUME,01,,30.638505,103.988256,ANDROID,,0
100000,,盐城市,江苏极美达网络科技有限公司,,,APP,2,40.5,M,汉,4859,4,01,FATHER,COLLEAGUE,3,70,江苏省,CONSUME,01,,31.180653,121.61287,ANDROID,,0
100000,105,岳阳市,苏自然个人工作室,,,APP,3,40.0,M,汉,3133,4,01,MATE,FATHER,1,70,湖南省,CONSUME,01,,28.69448857225853,113.60711434258882,ANDROID,,0
100000,105,玉林市,东莞高效电子有限公司,,,XCX,4,33.0,M,汉,462,4,01,FATHER,OTHER,2,70,广西壮族自治区,CONSUME,01,,23.062410575432616,113.77400868152154,ANDROID,,0
100000,103,天津市,天津市南开区迎欣食品商行,,,APP,3,39.3,F,汉,4247,4,,RELATIVES,FRIENDS,2,70,天津市,CONSUME,01,,39.121839,117.133184,ANDROID,,0
100000,104,商洛市,浙江瑞博制药有限公司,,,APP,2,32.1,M,汉,6111,2,01,SIBLING,FRIENDS,2,70,陕西省,CONSUME,01,,28.6519677734375,121.52919108072916,ANDROID,,0
100000,105,枣庄市,江宪利个人工作室,,,APP,3,36.5,M,汉,3897,4,01,RELATIVES,RELATIVES,1,70,山东省,CONSUME,01,,35.120626519828757,117.26381975769719,ANDROID,,0
100000,,遵义市,黔途酒业有限公司,,,APP,3,32.9,M,汉,4912,4,01,MATE,MOTHER,1,70,贵州省,CONSUME,01,,27.816911,106.424049,ANDROID,,0
100000,105,绍兴市,上海舜晟建设有限公司,,,XCX,2,24.5,F,汉,1371,4,01,FATHER,FRIENDS,2,75.57137,浙江省,CONSUME,01,,30.063023700184286,120.65057247034552,ANDROID,,0
100000,103,临汾市,快宜修鹿泉店,,,APP,2,42.2,M,汉,5381,4,01,PARENTS,FATHER,1,89.926,山西省,CONSUME,01,,38.001537,114.44269,ANDROID,,0
100000,102,聊城市,杉杉服饰,,,APP,2,29.4,F,汉,6307,2,01,MATE,FRIENDS,1,70,山东省,CONSUME,01,,35.95792904559503,115.63494347439085,ANDROID,,0
100000,102,济南市,中协通通信技术有限公司,,,APP,4,32.9,M,汉,313,3,01,FATHER,FRIENDS,2,70,山东省,CONSUME,01,,36.64201891419984,117.03974587662013,ANDROID,,0
100000,,漳州市,漳州市长泰众合工程咨询有限公司,,,APP,3,27.6,F,汉,1169,2,01,MOTHER,FRIENDS,2,83.531,福建省,CONSUME,01,,24.366997,117.938149,ANDROID,,0
100000,103,南阳市,费县探沂镇碗窑村,,,APP,2,35.9,M,汉,5886,4,01,MATE,RELATIVES,1,93.0,河南省,CONSUME,01,,35.17858545769588,118.23825608644573,ANDROID,,0
100000,,潍坊市,王晓婷个人工作室,,,XCX,2,32.7,F,汉,5986,4,01,FATHER,FATHER,1,70,山东省,CONSUME,01,,36.880060221354164,118.75270751953126,ANDROID,,0
100000,,长沙市,曾国柱个人工作室,,,XCX,4,25.2,M,汉,1727,2,01,FATHER,RELATIVES,2,97.44787,湖南省,CONSUME,01,,27.94881314955313,113.76472988628483,ANDROID,,0
100000,104,南充市,政府单位,,,XCX,3,38.5,F,汉,5520,2,01,FATHER,FRIENDS,3,94.0,四川省,CONSUME,01,,30.805942954069768,106.090290639778,ANDROID,,0
100000,102,江门市,广州锐翰仕企业管理顾问有限公司,,,XCX,2,37.6,M,汉,3819,2,,MATE,MOTHER,1,70,广东省,CONSUME,02,,23.07424614800347,113.26913547092013,ANDROID,,0
100000,,梅州市,陈秋红个人工作室,,,XCX,3,46.1,F,汉,1457,4,,FATHER,FATHER,1,70,广东省,CONSUME,01,,23.75821153428819,116.1749536132812,IOS,,0
100000,,连云港市,淮安翔盛汽车集团,,,APP,4,48.5,M,汉,561,2,01,MOTHER,FATHER,1,70,江苏省,CONSUME,01,,33.62259,119.041995,ANDROID,,0
100000,102,聊城市,自由职业,,,APP,4,25.9,F,汉,1741,4,01,FATHER,FRIENDS,2,70,山东省,CONSUME,01,,36.337117,116.24836450000001,ANDROID,,0
100000,,百色市,黎诗妍个人工作室,,,XCX,2,35.6,F,壮,3883,2,01,MATE,MOTHER,1,70,广西壮族自治区,CONSUME,01,,22.61252347151768,113.00704733389925,ANDROID,,0
100000,,湛江市,张锦明个人工作室,,,APP,3,22.5,M,汉,2690,2,01,FATHER,FRIENDS,2,70,广东省,CONSUME,01,,21.202281,110.450675,ANDROID,,0
100000,,茂名市,信宜市天辰网络,,,XCX,2,28.5,M,汉,505,2,01,MATE,FRIENDS,1,70,广东省,CONSUME,01,,22.363213704427082,110.94691813151042,ANDROID,,0
100000,102,保定市,运鑫服饰有限公司,,,APP,2,46.8,F,汉,2436,4,01,MATE,SIBLING,1,70,河北省,CONSUME,02,,39.085716,115.816667,ANDROID,,0
100000,105,南京市,上海宝原体育用品商贸有限公司南京分公司,,,APP,2,35.8,M,汉,7028,4,01,SIBLING,MATE,2,85.761,江苏省,CONSUME,01,,1.0272506618562045E-7,-5.781740335113868E-9,ANDROID,,0
100000,,滁州市,张生荣五金建材店,,,APP,2,46.6,M,汉,813,4,01,PARENTS,FRIENDS,1,70,安徽省,CONSUME,02,,32.590919,119.035213,ANDROID,,0
100000,,盘锦市,杉杉炸鸡,,,APP,2,34.8,M,汉,5541,2,01,FRIENDS,FRIENDS,2,70,辽宁省,CONSUME,01,,41.087298,122.069303,ANDROID,,0
100000,403,菏泽市,孙永明个人工作室,,,APP,3,55.5,M,汉,99999,2,01,COLLEAGUE,CHILDREN,1,70,山东省,CONSUME,01,,34.92588438835883,115.93133261829137,ANDROID,,0
100000,104,潍坊市,顺发物流有限公司,,,XCX,2,44.7,M,汉,3077,4,01,MATE,FRIENDS,1,91.674,山东省,CONSUME,01,,28.204214161817818,112.87319916700268,ANDROID,,0
100000,105,晋中市,和顺县住建局,,,XCX,2,33.0,M,汉,5194,4,01,MOTHER,MATE,1,89.403,山西省,CONSUME,01,,37.52394517175927,113.21090128793898,ANDROID,,0
100000,,重庆市,李莉个人工作室,,,APP,2,53.3,F,汉,3444,3,01,CHILDREN,FRIENDS,3,70,重庆市,CONSUME,01,,29.863407,106.397981,ANDROID,,0
100000,,平顶山市,浙江佳蕾定型针织有限公司,,,XCX,2,44.4,M,汉,2542,3,01,FRIENDS,MATE,1,70,河南省,CONSUME,01,,29.432039261123,119.953079229948,ANDROID,,0
100000,103,绵阳市,中和堂王震中医诊所,,,APP,3,38.7,F,汉,6222,2,01,PARENTS,FRIENDS,1,70,四川省,CONSUME,01,,31.464313734244688,104.70537332434228,ANDROID,,0
100000,103,湛江市,长兴彩印有限公司,,,APP,2,26.7,M,汉,688,2,,SIBLING,SIBLING,2,70,广东省,CONSUME,01,,21.273381,110.321109,ANDROID,,0
100000,103,佳木斯市,富锦象屿农产,,,APP,2,35.4,M,汉,4277,4,01,FATHER,FRIENDS,2,70,黑龙江省,CONSUME,01,,47.26764277788298,132.05660319407489,ANDROID,,0
100000,301,玉林市,谢华荣个人工作室,,,APP,2,28.0,M,汉,6850,2,01,FATHER,SIBLING,2,85.606,广西壮族自治区,CONSUME,02,,22.698197,114.031762,ANDROID,,0
100000,301,肇庆市,肇庆市鸿益物业管理有限公司,,,APP,3,34.1,M,汉,5881,4,01,SIBLING,COLLEAGUE,2,70,广东省,CONSUME,02,,23.057742,112.488942,ANDROID,,0
100000,104,南通市,江苏林洋能源股份有限公司,,,APP,3,30.3,M,汉,671,4,01,PARENTS,PARENTS,2,70,江苏省,CONSUME,01,,31.81740556159566,121.64410131276316,ANDROID,,0
100000,,永城市,永煤集团,,,XCX,3,41.9,M,汉,2132,3,01,FRIENDS,FRIENDS,1,70,河南省,CONSUME,01,,33.85553927951389,116.28834065755208,ANDROID,,0
100000,105,铁岭市,小黄鸭精品童装店,,,APP,3,54.2,F,汉,1992,3,01,MOTHER,SIBLING,1,70,辽宁省,CONSUME,01,,42.46597298755643,123.56076079985728,ANDROID,,0
100000,102,天津市,国网天津电力公司建设分公司,,,XCX,4,43.6,F,汉,2752,4,01,MATE,SIBLING,1,70,天津市,CONSUME,01,,39.136562365038127,117.28390713293287,ANDROID,,0
100000,,万源市,丰生制动器有限公司,,,XCX,2,35.7,M,汉,4835,2,01,MOTHER,MATE,1,70,四川省,CONSUME,01,,25.87293460939354,119.36160611289658,ANDROID,,0
100000,104,朝阳市,张思远个人工作室,,,XCX,3,25.4,M,蒙古,2205,4,01,FATHER,OTHER,2,76.4706,辽宁省,CONSUME,01,,41.249841175326569,119.41347792507186,IOS,,0
100000,,汕尾市,合欣园布艺加工厂,,,XCX,2,38.7,M,汉,4136,4,01,MATE,FATHER,1,70,广东省,CONSUME,01,,23.3325200433574,115.63876855244321,ANDROID,,0
100000,105,锦州市,星舞舞蹈工作室,,,XCX,3,43.8,F,汉,5361,4,01,MOTHER,FRIENDS,1,70,辽宁省,CONSUME,01,,41.09777914615323,121.11438088365719,ANDROID,,0
100000,103,辽源市,马国军个人工作室,,,APP,2,49.5,M,汉,5348,2,01,FRIENDS,FATHER,1,70,吉林省,CONSUME,01,,42.326266332349654,125.2481420567886,ANDROID,,0
100000,,毕节市,南宁东方雨虹防水材料有限公司,,,APP,3,27.0,M,汉,6983,3,01,SIBLING,COLLEAGUE,2,70,贵州省,CONSUME,01,,22.931776,108.533251,ANDROID,,0
100000,307,汕头市,华翔购物中心,,,APP,2,49.5,F,汉,257,2,01,SIBLING,CHILDREN,1,70,广东省,CONSUME,01,,23.217743,116.307998,ANDROID,,0
100000,102,毕节市,王山个人工作室,,,APP,3,32.1,M,汉,5646,2,01,FATHER,FRIENDS,2,70,贵州省,CONSUME,01,,26.939736485247474,104.19175995627713,ANDROID,,0
100000,104,上海市,上海学建教育管理咨询有限公司,,,XCX,3,41.0,F,汉,2039,2,01,PARENTS,SIBLING,2,70,上海市,CONSUME,01,,31.22799074236785,121.44077365555687,ANDROID,,0
100000,,巨野县,李法壮个人工作室,,,APP,2,29.7,M,汉,1448,3,01,FATHER,FRIENDS,1,70,山东省,CONSUME,01,,35.277443,115.853366,ANDROID,,0
100000,105,漳州市,东莞市保信工艺礼品有限公司,,,APP,2,38.1,M,汉,4641,2,01,MATE,SIBLING,1,95.0,福建省,CONSUME,01,,22.842857958776528,113.64732135061853,IOS,,0
100000,103,揭阳市,宏德物流有限公司,,,XCX,2,46.0,M,汉,4099,3,01,MATE,SIBLING,1,70,广东省,CONSUME,01,,23.521933051215278,116.40294270833333,ANDROID,,0
100000,102,滁州市,上汽通用售后服务有限公司,,,XCX,2,32.7,M,汉,6430,4,01,MATE,FRIENDS,1,80.881,安徽省,CONSUME,01,,31.235840826362474,121.73645176026855,ANDROID,,0
100000,,北京市,北京融科君展信息技术有限公司,,,APP,4,32.9,M,汉,5075,3,01,MATE,COLLEAGUE,1,85.66,北京市,CONSUME,01,,39.828077,116.295323,ANDROID,,0
100000,103,广安市,王林个人工作室,,,APP,2,29.8,M,汉,105,2,01,MATE,SIBLING,1,77.205,四川省,CONSUME,02,,22.923612186391034,112.94139675282527,ANDROID,,0
100000,103,淮安市,江苏大苏教育科技有限公司,,,APP,4,39.9,M,汉,3004,4,01,RELATIVES,RELATIVES,1,70,江苏省,CONSUME,01,,33.60003179246908,119.03651932939869,IOS,,0
100000,303,哈尔滨市,沈阳汇兴商务信息咨询有限公司,,,APP,3,29.5,F,汉,1344,2,01,FATHER,FRIENDS,1,70,黑龙江省,CONSUME,01,,37.585522,121.359833,ANDROID,,0
100000,103,牡丹江市,六道拿手菜饭店,,,APP,2,40.4,F,汉,4086,4,01,MATE,FRIENDS,1,70,黑龙江省,CONSUME,01,,44.59482505643242,129.6496482983567,ANDROID,,0
100000,102,宁波市,汪云燕个人工作室,,,APP,3,52.9,F,汉,113,4,,RELATIVES,RELATIVES,1,91.881,浙江省,CONSUME,01,,31.267531,121.459858,ANDROID,,0
100000,103,临沂市,李新英个人工作室,,,APP,2,43.9,F,汉,2335,2,,FATHER,MOTHER,1,70,山东省,CONSUME,01,,34.854953,118.650067,ANDROID,,0
100000,104,天津市,天津悦鸣广告有限公司,,,APP,3,35.1,M,汉,5582,4,01,MATE,SIBLING,1,91.653046,天津市,CONSUME,01,,39.099941985863349,117.13556740371476,IOS,,0
100000,,淄博市,张店区佳芃美容养生店,,,APP,2,35.8,F,汉,7013,3,01,FATHER,MATE,1,70,山东省,CONSUME,01,,36.827623,118.063598,ANDROID,,0
100000,,济南市,山东行一者服务有限公司,,,XCX,3,25.5,M,汉,1050,4,01,MATE,FATHER,1,95.0,山东省,CONSUME,01,,36.68219046655325,117.13037513313656,ANDROID,,0
100000,,新乡市,三和运输公司,,,APP,2,56.0,M,汉,1275,2,01,MATE,CHILDREN,1,98.1,河南省,CONSUME,01,,35.292535822987499,113.80804951637463,ANDROID,,0
100000,105,宁德市,再生资源回收,,,APP,2,38.8,M,汉,4073,2,01,FATHER,FRIENDS,2,70,福建省,CONSUME,01,,26.035082,119.327254,ANDROID,,0
100000,105,枣庄市,个体大货车,,,APP,2,34.9,M,汉,6669,4,01,FATHER,FRIENDS,3,70,山东省,CONSUME,01,,35.098491935854,116.92744393812757,ANDROID,,0
100000,105,昆明市,滇中装备制造园,,,APP,3,23.5,M,汉,1833,4,01,RELATIVES,FRIENDS,2,70,云南省,CONSUME,01,,23.413515,104.260627,ANDROID,,0
100000,103,乐山市,中铁电气化局集团有限公司成都项目部,,,APP,3,26.4,M,汉,7193,4,,MATE,FATHER,2,89.291,四川省,CONSUME,03,,31.02640696396425,103.69480160015411,IOS,,0
100000,,佛山市,佛山柏安贸易有限公司,,,APP,3,46.9,M,汉,4820,2,01,MATE,FRIENDS,1,70,广东省,CONSUME,01,,23.047504,113.05038,ANDROID,,0
100000,102,永州市,国家电网,,,APP,4,27.8,M,汉,1212,2,01,FRIENDS,FRIENDS,1,70,湖南省,CONSUME,01,,26.464545,111.606765,ANDROID,,0
100000,103,南京市,南京市江宁区昌奥机电设备销售中心,,,APP,2,50.5,M,汉,4888,4,,MATE,MOTHER,1,70,江苏省,CONSUME,01,,31.958526869176944,118.84656705909214,ANDROID,,0
100000,105,周口市,鹿邑县景苑置业有限公司,,,APP,4,42.5,M,汉,1344,3,01,MATE,RELATIVES,1,91.0,河南省,CONSUME,01,,33.88365419295241,115.48425523620513,ANDROID,,0
100000,302,马鞍山市,北京巨龙伟业投资有限公司,,,APP,3,31.3,M,汉,5409,2,01,MOTHER,COLLEAGUE,2,88.575,安徽省,CONSUME,01,,39.32474161197778,116.51133939683115,ANDROID,,0
100000,,益阳市,中国人寿湖南南县支公司,,,APP,3,47.9,M,汉,417,2,01,SIBLING,RELATIVES,1,70,湖南省,CONSUME,02,,29.368892,112.41484,ANDROID,,0
100000,,菏泽市,张霞个人工作室,,,APP,4,36.2,F,汉,6770,2,01,SIBLING,COLLEAGUE,3,70,山东省,CONSUME,01,,34.813683,115.576238,ANDROID,,0
100000,403,菏泽市,酱菜公司,,,APP,3,36.6,M,汉,4178,4,01,RELATIVES,RELATIVES,1,70,山东省,CONSUME,01,,30.631682,114.080274,ANDROID,,0
100000,,成都市,中国石油川庆钻探,,,APP,4,36.2,M,汉,6854,4,01,FATHER,SIBLING,1,94.488,四川省,CONSUME,01,,30.700901,104.163202,ANDROID,,0
100000,,张掖市,深圳市榴芒一刻食品有限公司,,,APP,3,39.3,F,汉,4436,3,01,MATE,FRIENDS,1,70,甘肃省,CONSUME,01,,29.568136215837474,106.53617342620234,ANDROID,,0
100000,302,安阳市,滑县蓝天环保再生资源有限公司,,,XCX,2,31.5,M,汉,6822,3,01,FATHER,FATHER,1,70,河南省,CONSUME,01,,35.52153015136719,114.5595932006836,ANDROID,,0
100000,307,河源市,普宁市真心速货运有限公司,,,APP,2,35.6,M,汉,4010,4,01,PARENTS,SIBLING,2,70,广东省,CONSUME,01,,22.585465935867484,113.89763195139781,ANDROID,,0
100000,102,青岛市,青岛威尔斯商贸有限公司,,,XCX,4,37.8,F,汉,3098,2,01,FRIENDS,MATE,3,70,山东省,CONSUME,01,,36.11914659288195,120.38469889322917,ANDROID,,0
100000,,黔西南布依族苗族自治州,罗正伟个人工作室,,,XCX,2,31.3,M,苗,6977,4,01,FATHER,COLLEAGUE,2,70,贵州省,CONSUME,01,,22.989108098754025,114.46381646146024,ANDROID,,0
100000,102,泰州市,海杭建材市场,,,APP,3,31.2,M,汉,5557,4,01,MOTHER,FRIENDS,2,76.221,江苏省,CONSUME,01,,30.456947,120.343044,ANDROID,,0
100000,104,营口市,大石桥市安喆汽车租赁中心,,,APP,4,46.2,M,汉,4821,3,01,MATE,COLLEAGUE,1,92.062,辽宁省,CONSUME,02,,40.62533,122.505039,ANDROID,,0
100000,103,潮州市,小龙虾店,,,XCX,3,37.8,M,汉,4974,4,01,MATE,FRIENDS,1,70,广东省,CONSUME,01,,23.53909953776427,116.63847263730293,ANDROID,,0
100000,102,郑州市,交通银行信用卡中心郑州分中心,,,APP,4,28.5,F,汉,6461,4,01,RELATIVES,FRIENDS,2,70,河南省,CONSUME,01,,39.914479087657237,116.4660114547379,ANDROID,,0
100000,301,长沙市,中国平安保险湖南分公司,,,XCX,4,52.0,M,汉,1581,4,01,MATE,FRIENDS,1,70,湖南省,CONSUME,01,,28.209983,113.033699,ANDROID,,0
100000,,林州市,林州盛创广告设计制作有限公司,,,APP,3,33.3,M,汉,686,2,01,FATHER,MATE,1,70,河南省,CONSUME,01,,36.076863,113.829377,ANDROID,,0
100000,103,连云港市,斌鑫特岗,,,XCX,2,27.4,F,汉,1030,4,01,MATE,FATHER,3,70,江苏省,CONSUME,01,,35.060069867046347,119.20547532390433,ANDROID,,0
100000,103,合肥市,占阳个人工作室,,,APP,3,35.4,M,汉,5957,3,01,FRIENDS,FRIENDS,1,88.295,安徽省,CONSUME,01,,29.883654,121.545812,ANDROID,,0
100000,103,宣城市,安家装饰,,,APP,2,40.9,M,汉,3926,4,01,FRIENDS,RELATIVES,1,70,安徽省,CONSUME,01,,30.09961531878459,120.58922511534617,ANDROID,,0
100000,,河源市,广州云秀健康投资有限公司,,,XCX,4,28.0,M,汉,230,4,01,PARENTS,FRIENDS,2,70,广东省,CONSUME,01,,23.1483314140365,113.21855101315193,ANDROID,,0
100000,,天门市,金机虎精密机械有限公司,,,XCX,3,32.5,M,汉,5296,3,01,MOTHER,COLLEAGUE,2,70,湖北省,CONSUME,01,,30.403133,114.369105,ANDROID,,0
100000,,重庆市,重庆纬创科技有限公司,,,XCX,3,29.4,M,土家,1749,4,01,FATHER,SIBLING,2,70,重庆市,CONSUME,01,,29.782840169270834,106.65278591579862,ANDROID,,0
100000,104,淮南市,上海特斯拉超级工厂,,,XCX,2,31.7,M,汉,1577,3,01,RELATIVES,FRIENDS,2,89.361,安徽省,CONSUME,01,,30.973543,121.883676,ANDROID,,0
100000,103,邢台市,北京希博瑞科技有限公司,,,APP,3,41.9,M,汉,4001,4,01,RELATIVES,FRIENDS,2,70,河北省,CONSUME,01,,36.61142,114.365907,ANDROID,,0
100000,102,北京市,北京旭创至诚轨道交通设备有限公司,,,APP,4,50.2,F,汉,4926,4,01,MATE,COLLEAGUE,1,90.723,北京市,CONSUME,01,,39.86454466223756,116.41657951812155,ANDROID,,0
100000,103,赣州市,赣州市地方铁路建设投资有限公司,,,APP,4,36.8,M,汉,3872,2,01,MOTHER,COLLEAGUE,2,70,江西省,CONSUME,01,,25.823177083333334,114.9238161892361,ANDROID,,0
100000,,朝阳市,海鲜餐饮,,,XCX,2,33.1,M,汉,4981,2,01,FATHER,FRIENDS,2,75.35198,辽宁省,CONSUME,01,,38.990235577777877,121.59185274676764,ANDROID,,0
100000,,眉山市,四川纳拓新材料技术有限公司,,,XCX,2,22.6,M,汉,2410,2,01,FRIENDS,SIBLING,2,70,四川省,CONSUME,01,,30.69546430153859,104.58645704650258,ANDROID,,0
100000,,承德市,贾林娜个人工作室,,,APP,4,38.5,F,回,6431,2,01,FATHER,COLLEAGUE,2,70,河北省,CONSUME,01,,40.982972,117.91755499999998,ANDROID,,0
100000,305,北京市,托普仕留学,,,APP,4,37.5,F,汉,4710,4,01,FATHER,FRIENDS,1,70,北京市,CONSUME,01,,39.984951564189888,116.32920754941454,IOS,,0
100000,,陇南市,甘肃天顺生物科技有限公司,,,XCX,3,29.3,M,汉,6109,4,01,PARENTS,FRIENDS,1,70,甘肃省,CONSUME,01,,33.78612812840621,106.07990561921975,ANDROID,,0
100000,103,佛山市,佛山市南海区大沥广生源食品商行,,,APP,2,36.5,M,汉,3497,4,01,RELATIVES,FRIENDS,1,70,广东省,CONSUME,01,,23.107974,113.133188,ANDROID,,0
100000,,驻马店市,鸿创信息有限公司,,,APP,3,27.2,M,汉,7210,2,01,FATHER,MOTHER,1,89.611,河南省,CONSUME,01,,36.038692,103.894751,ANDROID,,0
100000,,淄博市,花都商务会所,,,XCX,2,38.8,F,汉,2755,4,01,COLLEAGUE,MOTHER,1,70,山东省,CONSUME,01,,36.816599709396449,118.064585391873933,ANDROID,,0
100000,102,信阳市,河南铭雅装饰有限公司,,,APP,2,38.8,M,汉,4009,4,01,MATE,OTHER,1,70,河南省,CONSUME,01,,32.184863,115.651891,ANDROID,,0
100000,102,孝感市,傲天印花厂,,,XCX,2,41.3,M,汉,6293,2,01,MATE,FATHER,1,88.678,湖北省,CONSUME,02,,30.67935632310884,113.94255331457528,ANDROID,,0
100000,102,武汉市,苏州松翔电通科技有限公司,,,XCX,2,38.8,M,汉,3857,2,01,MATE,COLLEAGUE,1,70,湖北省,CONSUME,01,,31.090109320746528,120.66586018880209,ANDROID,,0
100000,103,大同市,大同市平城区人民法院,,,APP,3,28.9,F,汉,1629,4,01,MATE,FRIENDS,3,88.629,山西省,CONSUME,01,,40.11326098315238,113.37255894558598,IOS,,0
100000,,朝阳市,龙城区新玖久便利店,,,APP,3,38.0,M,汉,3085,2,01,FATHER,MOTHER,1,98.1,辽宁省,CONSUME,01,,41.599767,120.432417,ANDROID,,0
100000,,孝感市,新疆乌鲁木齐市米东区新正利建筑设备租赁站,,,XCX,2,53.5,M,汉,3437,4,01,MATE,FRIENDS,1,70,湖北省,CONSUME,01,,44.01008599175347,87.70734890407986,ANDROID,,0
100000,103,恩施土家族苗族自治州,深圳创世纪科技发展有限公司,,,APP,3,33.3,M,土家,229,3,01,FATHER,COLLEAGUE,1,70,湖北省,CONSUME,02,,22.72334228515625,114.21740397135417,ANDROID,,0
100000,,宿迁市,江苏省泗阳县临河镇张记凉皮店,,,XCX,2,45.7,M,汉,501,3,01,MATE,SIBLING,1,70,江苏省,CONSUME,02,,33.72568603515625,118.54698540581597,ANDROID,,0
100000,104,蚌埠市,上海市安琦保安服务有限公司,,,APP,2,37.7,M,汉,3909,4,01,MATE,COLLEAGUE,2,89.398,安徽省,CONSUME,01,,31.167998316766189,121.50718702891503,ANDROID,,0
100000,102,蚌埠市,亚罗湾假日酒店,,,APP,3,44.8,F,汉,4088,4,01,MATE,FRIENDS,1,70,安徽省,CONSUME,01,,32.91685598626474,117.34383243678005,ANDROID,,0
100000,,徐州市,孙远奋个人工作室,,,APP,2,36.8,M,汉,6195,2,01,FATHER,MATE,1,70,江苏省,CONSUME,01,,33.882299,117.993108,ANDROID,,0
100000,102,上海市,辽宁千业商贸有限公司,,,APP,4,37.3,M,汉,3998,2,01,MATE,MOTHER,1,70,上海市,CONSUME,01,,31.375009765625,121.48991997612848,ANDROID,,0
100000,102,渭南市,刘十三室内装修有限公司,,,APP,4,36.5,M,汉,5713,4,01,MATE,SIBLING,1,95.0,陕西省,CONSUME,02,,31.010733757809665,121.24509621990757,ANDROID,,0
100000,103,西宁市,青海平安大通村镇银行,,,APP,4,33.0,M,藏,4838,3,01,COLLEAGUE,MATE,1,70,青海省,CONSUME,01,,36.633437,101.754223,ANDROID,,0
100000,,盐城市,江苏省东市德润广场,,,APP,2,35.1,M,汉,7091,2,01,MATE,FRIENDS,2,70,江苏省,CONSUME,01,,32.790086307559608,120.30683381135769,ANDROID,,0
100000,102,上海市,上海市普陀区噜噜猫宠物店,,,APP,4,44.7,F,汉,1974,4,01,MATE,FRIENDS,1,70,上海市,CONSUME,01,,31.262765,121.442126,ANDROID,,0
100000,102,上海市,沈勤芳个人工作室,,,APP,3,50.7,F,汉,32,4,01,RELATIVES,RELATIVES,1,70,上海市,CONSUME,01,,31.47186075955074,120.9851981631185,ANDROID,,0
100000,,渭南市,西安瑞博创服企业服务有限公司,,,XCX,4,32.9,M,汉,5984,3,01,FRIENDS,FRIENDS,2,70,陕西省,CONSUME,01,,34.210777,108.92103,ANDROID,,0
100000,,衡阳市,湖南天雁机械股份有限公司,,,XCX,4,44.6,M,汉,3922,4,01,FRIENDS,FRIENDS,1,70,湖南省,CONSUME,01,,26.942933485243056,112.64203287760417,ANDROID,,0
100000,102,天津市,天津儒升,,,XCX,3,42.0,M,汉,3512,4,01,MATE,FATHER,1,70,天津市,CONSUME,01,,39.070798773357449,117.17957305831478,ANDROID,,0
100000,,合肥市,安徽喜气满满餐饮管理有限公司,,,XCX,3,30.5,M,汉,1574,3,01,MATE,COLLEAGUE,1,90.622,安徽省,CONSUME,01,,31.784181043836806,117.26948323567709,ANDROID,,0
100000,104,武汉市,湖北长江广电广告有限公司,,,APP,4,46.3,M,汉,116,3,01,PARENTS,MOTHER,2,70,湖北省,CONSUME,01,,30.489792485330427,114.49577257329993,ANDROID,,0
100000,104,徐州市,常州鼎武医院,,,APP,4,34.9,F,汉,4283,4,01,PARENTS,FRIENDS,2,87.776,江苏省,CONSUME,01,,31.92964955508346,119.99274114812796,ANDROID,,0
100000,105,合肥市,合肥盈信宝智能科技有限公司,,,APP,3,38.3,M,汉,5101,3,01,MATE,FRIENDS,1,70,安徽省,CONSUME,01,,31.78689780174574,117.26963424602872,ANDROID,,0
100000,,重庆市,赵建国个人工作室,,,APP,2,30.5,M,汉,7263,2,01,FATHER,FRIENDS,2,70,重庆市,CONSUME,01,,29.560632,106.513811,ANDROID,,0
100000,,百色市,昱彤外卖小吃店,,,XCX,3,36.9,F,壮,3842,2,01,MATE,FRIENDS,1,78.35971,广西壮族自治区,CONSUME,01,,23.75715575955586,106.92662470073236,ANDROID,,0
100000,104,郑州市,郑州市公共交通总公司,,,APP,2,38.6,F,汉,3203,2,01,MATE,FRIENDS,1,70,河南省,CONSUME,01,,31.769668405932035,121.33741283140779,ANDROID,,0
100000,102,周口市,徽辰智电科技股份有限公司,,,APP,2,35.4,M,汉,3947,4,01,MATE,FATHER,1,90.179,河南省,CONSUME,01,,31.784828035383293,117.14545561403667,ANDROID,,0
100000,102,惠州市,广东顺通科技开发有限公司,,,APP,4,37.2,M,汉,5453,2,01,PARENTS,COLLEAGUE,2,70,广东省,CONSUME,01,,22.849293765352699,114.10840408979408,ANDROID,,0
100000,,怀化市,南宏科技股份有限公司,,,XCX,4,54.0,M,苗,971,3,01,MATE,CHILDREN,1,70,湖南省,CONSUME,01,,27.876570376296525,110.253253234452,ANDROID,,0
100000,102,衢州市,华友钴业,,,XCX,3,23.9,M,汉,800,3,01,FRIENDS,FRIENDS,2,70,浙江省,CONSUME,01,,28.9355780158235,118.9066768122388,ANDROID,,0
100000,104,岳阳市,湖南天臻物业有限公司,,,APP,3,24.1,F,汉,2050,4,01,FATHER,FRIENDS,2,70,湖南省,CONSUME,01,,28.189905,113.067944,ANDROID,,0
100000,308,济南市,山东高数科技有限公司,,,APP,3,29.4,M,汉,2271,4,01,MOTHER,FATHER,2,70,山东省,CONSUME,01,,36.69332333746812,117.08369648694957,ANDROID,,0
100000,,重庆市,欧金龙个人工作室,,,XCX,2,35.9,M,汉,7070,4,01,FATHER,FRIENDS,,70,重庆市,CONSUME,01,,29.565509432127745,106.55638521033962,ANDROID,,0
100000,105,合肥市,安徽丰泰天成信息服务有限公司,,,APP,3,34.3,M,汉,6978,3,01,MATE,COLLEAGUE,1,70,安徽省,CONSUME,01,,31.814364887390537,117.32610958659403,ANDROID,,0
100000,105,鄂州市,富德生命人寿保险鄂州中支,,,XCX,2,44.1,F,汉,3394,2,01,FATHER,FRIENDS,1,70,湖北省,CONSUME,01,,30.400566254309874,114.90621955825087,ANDROID,,0
100000,103,咸宁市,湖北赤壁建筑公司,,,APP,3,35.4,M,汉,6199,4,01,PARENTS,FRIENDS,1,70,湖北省,CONSUME,01,,29.644035564736109,113.82048657218977,ANDROID,,0
100000,103,绵阳市,胡乔个人工作室,,,XCX,2,46.1,M,汉,4996,4,01,CHILDREN,FATHER,1,70,四川省,CONSUME,01,,31.791641819871577,104.73871872999192,ANDROID,,0
100000,102,无锡市,孙威个人工作室,,,XCX,4,37.2,M,汉,4534,4,01,MATE,FATHER,1,70,江苏省,CONSUME,01,,31.392827128744405,119.7824675529682,ANDROID,,0
100000,,营口市,金龙集团,,,APP,3,34.7,M,汉,5608,2,01,FATHER,COLLEAGUE,1,83.184,辽宁省,CONSUME,01,,40.615983,122.521402,ANDROID,,0
100000,105,渭南市,新疆统一企业食品有限公司西安分公司,,,XCX,2,35.9,F,汉,3995,2,01,MATE,FRIENDS,1,87.147,陕西省,CONSUME,01,,34.74504641986652,109.20594678634129,IOS,,0
100000,105,泰州市,兴彰实业（上海）有限公司,,,APP,3,32.6,M,汉,4983,2,01,PARENTS,SIBLING,2,70,江苏省,CONSUME,01,,30.244526837056637,120.24964087753284,ANDROID,,0
100000,104,九江市,九江安集,,,APP,2,40.0,M,汉,4540,3,01,RELATIVES,FRIENDS,1,70,江西省,CONSUME,01,,29.27860000367968,114.22212180377587,ANDROID,,0
100000,,遂宁市,中成吉佳机械有限公司,,,APP,3,38.9,M,汉,4516,4,01,MATE,FRIENDS,1,70,四川省,CONSUME,01,,22.82697,113.272108,ANDROID,,0
100000,,郑州市,郑州亚新集团,,,APP,4,37.7,M,汉,4677,4,01,MOTHER,COLLEAGUE,3,70,河南省,CONSUME,02,,34.764458,113.670115,ANDROID,,0
100000,,锏陵市,上海琰曦装饰工程有限公司,,,XCX,3,47.7,M,汉,4873,4,01,MATE,COLLEAGUE,1,70,安徽省,CONSUME,01,,31.426647406684026,121.2483775499132,ANDROID,,0
100000,302,东莞市,广东省东莞市大朗镇大井头村新城区194号,,,APP,4,36.0,M,汉,5359,4,01,MATE,FATHER,1,90.868,广东省,CONSUME,01,,22.954692697685926,113.9548543664072,ANDROID,,0
100000,,遵义市,曾令勇个人工作室,,,XCX,2,24.9,M,汉,786,4,01,SIBLING,FRIENDS,2,91.772,贵州省,CONSUME,01,,28.190785241656977,106.8485733607981,ANDROID,,0
100000,105,黄冈市,江西盛世建业有限公司,,,APP,2,29.8,M,汉,923,4,01,PARENTS,SIBLING,2,99.0,湖北省,CONSUME,01,,27.856898379327278,114.372038417353,ANDROID,,0
100000,102,长沙市,熊佳个人工作室,,,APP,2,31.3,F,汉,6199,2,,MATE,FRIENDS,1,70,湖南省,CONSUME,02,,28.095125054253472,112.81504150390624,ANDROID,,0
100000,102,西安市,西安司坤电子科技有限公司,,,APP,4,49.6,M,汉,458,3,01,MATE,FRIENDS,1,86.39593,陕西省,CONSUME,01,,34.19593028353531,108.95608237948045,ANDROID,,0
100000,,六安市,何道友个人工作室,,,APP,2,39.8,M,汉,4722,3,01,MATE,SIBLING,1,91.851,安徽省,CONSUME,01,,31.737308,116.457212,ANDROID,,0
100000,102,北京市,北京兴创信建筑装饰工程有限公司,,,APP,4,29.2,M,汉,311,4,01,PARENTS,FRIENDS,2,70,北京市,CONSUME,01,,39.897241236817759,116.51712629101606,ANDROID,,0
100000,103,贵港市,平南县兰婷美美容院,,,APP,2,31.2,F,汉,814,3,01,MATE,RELATIVES,1,75.29999,广西壮族自治区,CONSUME,01,,23.547242784506069,110.40684743950939,ANDROID,,0
100000,,揭阳市,合浦县富荣环球水产技术服务中心,,,XCX,3,35.2,M,汉,4976,4,01,PARENTS,CHILDREN,,70,广东省,CONSUME,01,,23.572485187047059,116.4184557839792,ANDROID,,0
100000,105,潍坊市,嫣红樱珠大樱桃专业合作社,,,APP,2,37.5,M,汉,4700,4,01,MATE,FATHER,1,70,山东省,CONSUME,01,,36.45137693443044,119.22544302609264,ANDROID,,0
100000,,邯郸市,深加工华盛加工厂,,,XCX,2,41.1,F,汉,2239,4,01,MATE,COLLEAGUE,1,70,河北省,CONSUME,01,,36.868663791731,114.572097789947,ANDROID,,0
100000,105,秦皇岛市,卢昕个人工作室,,,XCX,3,47.8,M,汉,1562,4,01,FATHER,RELATIVES,1,90.0,河北省,CONSUME,01,,39.715342842597348,119.1717893164329,ANDROID,,0
100000,,萍乡市,刘海旺个人工作室,,,APP,2,41.3,M,汉,4820,4,01,FRIENDS,COLLEAGUE,1,70,江西省,CONSUME,01,,27.862683,113.838163,ANDROID,,0
100000,,大同市,与君有约美容美发,,,XCX,2,32.1,F,汉,6682,2,01,FATHER,RELATIVES,2,70,山西省,CONSUME,01,,39.44912377949465,114.25572249269702,ANDROID,,0
100000,105,汉中市,汉中品瑞源农副产品有限公司,,,XCX,2,51.5,M,汉,3134,2,01,MATE,COLLEAGUE,1,70,陕西省,CONSUME,01,,33.060912,107.021927,ANDROID,,0
100000,,遵义市,北京白菜优享,,,APP,3,36.3,M,汉,5394,2,01,FATHER,FRIENDS,2,70,贵州省,CONSUME,01,,27.689574,106.956095,ANDROID,,0
100000,104,太原市,太原公交公司,,,APP,3,40.0,M,汉,4038,4,01,MATE,FRIENDS,3,89.0,山西省,CONSUME,02,,37.91187427319002,112.1849677407989,ANDROID,,0
100000,102,贵阳市,四川省伟捷居安消防器材有限公司,,,APP,3,36.7,M,汉,3823,3,01,MOTHER,COLLEAGUE,1,70,贵州省,CONSUME,01,,32.80014927414894,102.55091835964213,ANDROID,,0
100000,,南充市,四川众翼包装厂,,,APP,3,38.9,M,汉,3947,3,,MATE,FRIENDS,1,70,四川省,CONSUME,03,,28.864996202256943,105.538662109375,ANDROID,,0
100000,102,怀化市,会同神农壹号大酒店有限公司,,,XCX,4,43.8,M,苗,1082,3,01,MATE,PARENTS,1,70,湖南省,CONSUME,01,,26.878190375434027,109.72880235460069,ANDROID,,0
100000,104,南充市,眉山梓沐装饰有限公司,,,APP,3,35.1,M,汉,4306,3,01,MATE,FRIENDS,1,70,四川省,CONSUME,01,,30.049421,103.852405,ANDROID,,0
100000,102,金华市,永康市江南滨永工具厂,,,XCX,2,28.7,M,汉,884,4,,MOTHER,MATE,1,88.112,浙江省,CONSUME,04,,28.961921236978975,120.18483976408975,ANDROID,,0
100000,102,赣州市,艾尚喜头,,,APP,3,41.4,F,汉,5006,2,01,PARENTS,FRIENDS,1,70,江西省,CONSUME,01,,25.651763400667734,114.78846770272186,ANDROID,,0
100000,102,安庆市,贵池区老程包子店,,,APP,2,34.6,M,汉,4863,3,,FATHER,FRIENDS,2,70,安徽省,CONSUME,01,,31.15914986519775,121.71991419213404,ANDROID,,0
100000,104,洛阳市,洛阳市西工区百联商行,,,APP,3,40.5,M,汉,3183,3,01,MATE,MOTHER,1,79.21542,河南省,CONSUME,01,,34.60634267995774,112.34894046557821,ANDROID,,0
100000,105,洛阳市,广州市白云区涵涵棋牌馆,,,XCX,3,44.0,F,汉,3791,3,01,MATE,SIBLING,1,70,河南省,CONSUME,01,,23.318818931689994,113.30595987265757,ANDROID,,0
100000,,开封市,李开心个人工作室,,,XCX,3,24.7,M,汉,637,4,01,PARENTS,FRIENDS,2,70,河南省,CONSUME,01,,34.401835,113.93555,ANDROID,,0
100000,105,乐山市,罗亚琴个人工作室,,,APP,2,43.6,F,汉,1348,4,01,RELATIVES,RELATIVES,1,70,四川省,CONSUME,01,,2,103.742336,ANDROID,,0
100000,103,温州市,浙江省文成县隧道有限公司,,,APP,2,32.8,M,汉,28,2,01,FATHER,MOTHER,2,70,浙江省,CONSUME,01,,27.632456,120.329123,ANDROID,,0
100000,105,江门市,开平市依利安达电子有限公司,,,XCX,3,40.4,M,汉,3609,2,01,FRIENDS,MATE,1,70,广东省,CONSUME,01,,22.401075303819443,112.71481526692709,ANDROID,,0
100000,,六安市,炭星人烧烤,,,APP,2,30.9,M,汉,909,4,01,MOTHER,MATE,2,86.153,安徽省,CONSUME,01,,31.793253,116.541046,ANDROID,,0
100000,,凉山彝族自治州,吉布尔姑子个人工作室,,,APP,2,48.1,M,彝,3974,4,01,MATE,CHILDREN,1,70,四川省,CONSUME,01,,28.405586,102.025151,ANDROID,,0
100000,103,格尔木市,春海商贸有限公司,,,APP,3,24.3,M,汉,1021,2,,FATHER,FRIENDS,2,70,青海省,CONSUME,01,,36.392446,94.908856,ANDROID,,0
100000,103,丽江市,强哥水果店,,,APP,2,39.6,M,汉,4747,2,01,MATE,FRIENDS,1,95.0,云南省,CONSUME,02,,26.4572642541492,100.68594337910656,ANDROID,,0
100000,105,黄山市,歙县桂林星康建材经营部,,,APP,2,35.4,M,汉,4365,4,01,MATE,FRIENDS,1,92.001,安徽省,CONSUME,01,,29.92571795454475,118.49736176549354,ANDROID,,0
100000,,常德市,湘浏浏阳蒸菜,,,XCX,3,47.0,M,汉,1225,3,01,MATE,COLLEAGUE,1,70,湖南省,CONSUME,01,,27.806836982478786,113.20244437072489,ANDROID,,0
100000,,百色市,康旺家具加工厂,,,XCX,2,28.2,M,壮,6703,2,01,MATE,FATHER,1,70,广西壮族自治区,CONSUME,01,,22.481119935196334,113.30985017868442,ANDROID,,0
100000,103,酒泉市,甘肃瓜州,,,APP,2,38.6,M,汉,4246,2,01,RELATIVES,FRIENDS,1,70,甘肃省,CONSUME,01,,40.49980381027887,95.68542461272091,ANDROID,,0
100000,,西宁市,青海卓驰工贸有限公司,,,XCX,3,39.5,M,汉,5201,2,01,MATE,RELATIVES,1,70,青海省,CONSUME,01,,37.323267792306769,101.86007142486662,ANDROID,,0
100000,105,运城市,余智伟个人工作室,,,XCX,2,42.6,M,汉,3422,3,01,CHILDREN,FRIENDS,1,70,山西省,CONSUME,01,,39.89940934670802,116.25999155241989,ANDROID,,0
100000,105,榆林市,府谷县富昌煤焦有限公司,,,APP,2,31.4,F,汉,6339,2,01,SIBLING,SIBLING,1,89.183,陕西省,CONSUME,01,,39.488293154791858,111.05474884763878,ANDROID,,0
100000,105,安康市,张自腾个人工作室,,,APP,4,25.3,F,汉,2113,4,01,FATHER,RELATIVES,2,90.62017,陕西省,CONSUME,01,,32.88655478299297,108.51908300197842,IOS,,0
100000,,平顶山市,美团外卖,,,APP,3,27.0,M,汉,974,3,01,SIBLING,SIBLING,2,70,河南省,CONSUME,01,,31.234068,120.636785,ANDROID,,0
100000,102,周口市,顺达气修,,,APP,3,31.4,M,汉,7090,4,01,SIBLING,FRIENDS,2,88.428,河南省,CONSUME,01,,27.85324004996733,121.17680024425978,ANDROID,,0
100000,301,成都市,北京飞机维修公司成都分公司,,,APP,4,49.3,M,汉,2935,3,01,MOTHER,COLLEAGUE,1,70,四川省,CONSUME,01,,30.581136638394413,103.95269833060677,ANDROID,,0
100000,103,汉中市,广东木森日用品有限公司,,,APP,2,34.5,M,汉,114,2,01,SIBLING,RELATIVES,3,70,陕西省,CONSUME,01,,32.99914605034722,106.8261767578125,ANDROID,,0
100000,,泉州市,金鹰陶瓷有限公司,,,XCX,2,40.3,M,汉,2773,2,01,MATE,COLLEAGUE,1,70,福建省,CONSUME,01,,24.81042724609375,118.45081461588542,ANDROID,,0
100000,,海口市,杨何个人工作室,,,APP,3,33.4,F,汉,4761,3,01,FATHER,SIBLING,1,87.11,海南省,CONSUME,01,,28.137287,106.253204,ANDROID,,0
100000,,宜春市,宜春旅游集团有限责任公司,,,XCX,4,42.5,M,汉,2835,3,01,MOTHER,MATE,1,70,江西省,CONSUME,01,,27.815072834130416,114.4361360004977,ANDROID,,0
100000,,衢州市,杭州声讯网络科技有限公司,,,APP,3,30.2,M,汉,1574,2,01,FATHER,MATE,2,70,浙江省,CONSUME,01,,30.187529,120.168371,ANDROID,,0
100000,105,阜阳市,乔氏中八台球俱乐部,,,XCX,2,24.6,M,汉,1806,4,01,PARENTS,FRIENDS,2,70,安徽省,CONSUME,01,,31.359261610243056,118.48730224609375,ANDROID,,0
100000,104,宿州市,农业种植,,,APP,2,25.2,M,汉,484,2,01,RELATIVES,FRIENDS,2,70,安徽省,CONSUME,01,,32.157978,119.040446,ANDROID,,0
100000,,监利县毛市,满嘴镶汤包,,,APP,4,43.0,M,汉,3442,3,01,FATHER,FRIENDS,1,70,湖北省,CONSUME,01,,29.847045,112.904381,ANDROID,,0
100000,,宜昌市,杨坤杰个人工作室,,,APP,4,22.7,M,汉,2453,2,01,PARENTS,FATHER,2,70,湖北省,CONSUME,01,,30.342508951822918,112.20342746310764,ANDROID,,0
100000,403,连云港市,刘益瑞个人工作室,,,APP,4,25.6,M,汉,286,2,01,FATHER,FRIENDS,2,70,江苏省,CONSUME,01,,34.04647867463391,119.43951699667893,ANDROID,,0
100000,103,北京市,武汉富仁空调,,,APP,3,37.6,M,汉,3896,2,01,MATE,FRIENDS,1,90.87,北京市,CONSUME,01,,30.44445256043421,114.06488378353514,ANDROID,,0
100000,,菏泽市,中软国际有限公司,,,APP,4,27.2,F,汉,328,3,,COLLEAGUE,FRIENDS,2,70,山东省,CONSUME,02,,36.693367,117.00814,ANDROID,,0
100000,103,沁阳市,河南众鸿公路工程有限公司,,,APP,3,47.1,M,汉,3139,4,01,RELATIVES,FRIENDS,2,70,河南省,CONSUME,01,,35.10312268129769,112.93609835404438,ANDROID,,0
100000,102,扬州市,江苏扬州网发通信服务有限公司,,,APP,3,32.6,F,汉,1003,4,01,FATHER,FRIENDS,1,70,江苏省,CONSUME,01,,32.391248,119.404285,ANDROID,,0
100000,305,长春市,赵健宇个人工作室,,,XCX,3,28.8,M,汉,1625,3,01,FRIENDS,FRIENDS,2,70,吉林省,CONSUME,01,,43.900243447913869,125.3313550491804,ANDROID,,0
100000,301,潍坊市,昌邑三邑服装厂,,,XCX,3,29.4,F,汉,1651,4,01,MATE,MOTHER,1,87.07748,山东省,CONSUME,01,,36.85552468719419,119.41280744099893,ANDROID,,0
100000,102,齐齐哈尔市,黑龙江航天信息有限公司,,,APP,4,32.2,M,汉,1016,2,01,MATE,SIBLING,2,90.512,黑龙江省,CONSUME,01,,46.55134195314525,125.1605635389606,IOS,,0
100000,,赤峰市,鲁建国个人工作室,,,XCX,2,43.0,M,汉,3849,4,01,FATHER,FRIENDS,3,70,内蒙古自治区,CONSUME,01,,46.535965,131.481734,ANDROID,,0
100000,104,烟台市,宿楷敏个人工作室,,,XCX,4,28.9,F,汉,201,4,01,MATE,MOTHER,2,90.317,山东省,CONSUME,01,,37.170366330216598,119.94167423850159,ANDROID,,0
100000,102,大理白族自治州,云南交投公路建设公司,,,APP,4,30.3,M,白,6430,2,01,SIBLING,COLLEAGUE,2,75.521,云南省,CONSUME,02,,26.258291,99.529253,ANDROID,,0
100000,103,青岛市,阜安小学,,,APP,2,35.8,F,汉,4029,2,01,MATE,MOTHER,1,70,山东省,CONSUME,01,,36.30270673950611,120.02988676742585,ANDROID,,0
100000,,泸州市,国能常州发电有限公司,,,APP,2,36.9,F,苗,4733,2,01,MATE,SIBLING,1,70,四川省,CONSUME,01,,31.565147,119.362091,ANDROID,,0
100000,103,衢州市,海达建设集团有限公司,,,APP,3,38.7,M,汉,4653,4,01,MATE,RELATIVES,1,70,浙江省,CONSUME,01,,29.81177003940702,121.52138018345387,IOS,,0
100000,105,沧州市,连续创业人士,,,APP,3,37.2,M,汉,4864,4,01,RELATIVES,FRIENDS,3,70,河北省,CONSUME,01,,38.410147,117.326385,ANDROID,,0
100000,105,大同市,奥宝汽车服务有限公司,,,APP,4,40.0,M,汉,3084,3,,FATHER,FRIENDS,2,70,山西省,CONSUME,01,,39.96543782552083,116.78913384331597,ANDROID,,0
100000,105,淮安市,淮安市水利局,,,XCX,4,31.0,M,汉,6432,2,01,COLLEAGUE,COLLEAGUE,1,70,江苏省,CONSUME,01,,33.57751396647722,119.10120813635193,ANDROID,,0
100000,,商丘市,翟刚伟个人工作室,,,APP,2,41.7,M,汉,4857,2,01,MATE,PARENTS,1,70,河南省,CONSUME,01,,31.43420553547029,120.64834834787072,ANDROID,,0
100000,105,济南市,山东小鸭集团家电有限公司,,,XCX,4,55.0,M,汉,139,3,01,MATE,FRIENDS,1,70,山东省,CONSUME,01,,36.72591713291781,117.15813870221123,ANDROID,,0
100000,,太原市,苗田旺个人工作室,,,APP,2,29.9,M,汉,6013,3,01,COLLEAGUE,MATE,1,70,山西省,CONSUME,01,,37.711056315104166,112.4738818359375,ANDROID,,0
100000,103,扬州市,冯文华个人工作室,,,XCX,2,32.7,M,汉,845,4,01,MATE,FATHER,1,70,江苏省,CONSUME,01,,33.00978216355354,119.67854186987444,ANDROID,,0
100000,103,无锡市,无锡市新苏能电力科技有限公司,,,APP,2,45.9,M,汉,397,4,01,FATHER,FRIENDS,1,89.216,江苏省,CONSUME,01,,31.37356435336866,119.83435398683068,ANDROID,,0
100000,105,德阳市,临安悉奥装饰有限公司,,,APP,2,49.0,M,汉,2876,3,01,FATHER,SIBLING,1,70,四川省,CONSUME,01,,30.427134,120.281283,ANDROID,,0
100000,,滁州市,张传魁个人工作室,,,XCX,3,34.5,M,汉,256,3,01,FATHER,FATHER,1,70,安徽省,CONSUME,01,,31.92175,117.41229,ANDROID,,0
100000,104,南昌市,江西省九江市都昌县人民医院,,,APP,3,44.0,M,汉,1119,2,01,COLLEAGUE,FRIENDS,1,70,江西省,CONSUME,01,,29.271614837880557,116.20824557149948,ANDROID,,0
100000,102,长春市,北京高飞美容美发,,,APP,2,30.5,M,汉,6970,4,01,MATE,FATHER,3,89.769,吉林省,CONSUME,01,,39.92090454184661,116.35936441828946,ANDROID,,0
100000,,宁波市,杭州蓝力飞机电设备有限公司,,,APP,3,47.4,M,汉,5787,3,01,SIBLING,COLLEAGUE,1,70,浙江省,CONSUME,01,,30.296561,120.190516,ANDROID,,0
100000,103,新乡市,华禹重工,,,APP,2,34.2,M,汉,573,2,01,SIBLING,SIBLING,1,70,河南省,CONSUME,02,,41.085572974837187,122.8407991515804,ANDROID,,0
100000,105,德宏傣族景颇族自治州,瑞丽雅怡美容会所,,,XCX,4,41.2,F,傣,3546,4,01,MATE,FATHER,1,70,云南省,CONSUME,01,,24.007615676554413,97.85916053170306,ANDROID,,0
100000,,通州市,顾大厨私房茗菜,,,XCX,2,35.5,M,汉,4396,2,,MOTHER,FRIENDS,1,70,江苏省,CONSUME,01,,32.09339328342014,121.08271267361111,ANDROID,,0
100000,403,茂名市,林燕个人工作室,,,APP,2,34.1,F,汉,5080,2,01,MOTHER,FRIENDS,1,70,广东省,CONSUME,01,,22.307193,110.829407,ANDROID,,0
100000,,永州市,宁远县叶茂化工,,,XCX,2,44.5,M,汉,4101,4,01,PARENTS,FRIENDS,1,70,湖南省,CONSUME,01,,25.59705837673611,111.92163004557291,ANDROID,,0
100000,301,德州市,美团外卖北京有限公司,,,APP,2,30.9,M,汉,596,2,01,COLLEAGUE,FRIENDS,2,93.164,山东省,CONSUME,02,,37.58086486536588,116.90639253110557,ANDROID,,0
100000,,呼和浩特市,窑沟通行费收费所,,,APP,3,32.6,M,回,5177,2,,MOTHER,COLLEAGUE,2,70,内蒙古自治区,CONSUME,04,,39.76010796440972,111.67869140625,ANDROID,,0
100000,102,驻马店市,江苏恒瑞医药股份有限公司,,,XCX,3,35.3,M,汉,6398,2,01,MOTHER,MATE,1,70,河南省,CONSUME,01,,32.962211049323659,114.62110673176119,ANDROID,,0
100000,,延安市,黄德鹏个人工作室,,,XCX,4,43.6,M,汉,4222,4,01,MATE,FRIENDS,1,70,陕西省,CONSUME,01,,39.04490478515625,110.303291015625,ANDROID,,0
100000,105,南阳市,中移建设有限公司福建分公司,,,XCX,3,43.6,M,汉,1495,4,01,FRIENDS,FRIENDS,1,70,河南省,CONSUME,01,,25.468573,119.81614,ANDROID,,0
100000,301,大连市,海南宸心教育有限公司,,,APP,4,35.1,M,汉,5271,2,01,MATE,CHILDREN,1,87.565,辽宁省,CONSUME,01,,20.015905027742485,110.33569299822271,IOS,,0
100000,102,吉林市,永吉县口前镇诚昊副食品商行,,,APP,2,47.1,M,汉,73,2,01,MATE,FATHER,1,70,吉林省,CONSUME,01,,43.689019759588749,126.53117446136368,ANDROID,,0
100000,,江门市,江门市金源装饰设计工程有限公司,,,APP,4,43.3,M,汉,3653,4,01,MOTHER,COLLEAGUE,1,70,广东省,CONSUME,01,,22.586613,112.884991,ANDROID,,0
100000,105,廊坊市,新奥集团,,,APP,3,31.7,M,汉,5437,2,01,FATHER,FRIENDS,2,70,河北省,CONSUME,01,,21.247566,110.39378,ANDROID,,0
100000,102,九江市,江西中开建筑工程有限公司,,,APP,2,46.0,M,汉,1103,3,01,MATE,SIBLING,1,70,江西省,CONSUME,01,,28.677250578591399,115.93865200689889,ANDROID,,0
100000,,延安市,久泰荣升洗选有县公司,,,XCX,2,36.8,M,汉,3700,3,01,MATE,FATHER,1,78.126,陕西省,CONSUME,01,,35.60456540811239,109.0636741685052,ANDROID,,0
100000,,龙岩市,兰兰河鱼馆,,,XCX,2,46.8,M,汉,4656,2,01,MATE,FRIENDS,1,70,福建省,CONSUME,01,,25.939075035069484,116.55313262056825,ANDROID,,0
100000,,遵义市,阳建松个人工作室,,,XCX,2,35.5,M,苗,4288,2,01,FATHER,MOTHER,1,70,贵州省,CONSUME,01,,28.572721403945768,107.90598274616757,ANDROID,,0
100000,103,周口市,河南省周口市项城市项而猛,,,XCX,4,25.1,M,汉,1861,2,01,FATHER,FRIENDS,2,87.30561,河南省,CONSUME,01,,24.526665807210056,118.13890318755066,IOS,,0
100000,,抚州市,九号户外休闲娱乐中心,,,APP,2,31.6,M,汉,6020,2,01,FATHER,FRIENDS,2,70,江西省,CONSUME,01,,27.979970273354096,116.36843265353653,ANDROID,,0
100000,,景德镇市,钱钧红个人工作室,,,APP,3,42.9,M,汉,1645,4,01,FATHER,FRIENDS,1,95.25,江西省,CONSUME,01,,29.358016,117.22167,ANDROID,,0
100000,103,福州市,中央公园,,,XCX,3,31.7,M,畲,7019,4,01,RELATIVES,RELATIVES,2,89.777,福建省,CONSUME,01,,26.433451013578133,119.57889131183198,ANDROID,,0
100000,105,淮安市,淮安市东方环保产业有限公司,,,APP,3,35.4,M,汉,4038,4,01,PARENTS,FRIENDS,2,70,江苏省,CONSUME,01,,33.385420901241868,119.02279269781663,ANDROID,,0
100000,103,绍兴市,浙江维特生物科技有限公司,,,APP,3,47.4,F,汉,4836,2,01,MATE,FATHER,1,86.857,浙江省,CONSUME,01,,29.516355125352,120.8689078339122,IOS,,0
100000,102,赣州市,赣州晨旺新材料有限公司,,,APP,4,50.3,M,汉,4982,3,01,FATHER,FATHER,2,70,江西省,CONSUME,01,,31.7568270666212,110.65671772455785,ANDROID,,0
100000,403,蚌埠市,蚌埠市龙子湖区年记小菜酒店,,,APP,2,43.4,M,汉,3876,4,01,SIBLING,MATE,1,70,安徽省,CONSUME,01,,32.945974,117.382454,ANDROID,,0
100000,,北京市,北京市东城区和平里交通大队,,,APP,2,42.5,F,汉,5191,2,01,MOTHER,MATE,1,70,北京市,CONSUME,01,,39.95951768663195,116.42501980251735,ANDROID,,0
100000,102,沈阳市,永鑫车行,,,APP,2,30.2,M,汉,1361,4,01,SIBLING,COLLEAGUE,2,70,辽宁省,CONSUME,01,,39.628309527971574,121.93338939567577,ANDROID,,0
100000,105,邯郸市,甄红勋个人工作室,,,APP,2,38.0,M,汉,4613,4,01,MATE,SIBLING,1,70,河北省,CONSUME,01,,36.714472156386019,114.85554021561664,ANDROID,,0
100000,103,德宏傣族景颇族自治州,云南省交通投资建设集团有限公司,,,APP,3,29.0,M,德昂,6478,4,01,MATE,FRIENDS,,70,云南省,CONSUME,01,,24.083612030194318,97.8608861089143,ANDROID,,0
100000,301,哈尔滨市,盛鑫源商务酒店,,,XCX,3,27.7,F,汉,1724,2,01,MATE,RELATIVES,1,83.472,黑龙江省,CONSUME,01,,45.62171138026175,126.6554831808079,ANDROID,,0
100000,105,达州市,桂都陶瓷厂,,,APP,2,38.3,F,汉,4156,2,01,FRIENDS,FRIENDS,1,70,四川省,CONSUME,01,,23.64756772465469,116.61552706607579,ANDROID,,0
100000,302,温州市,龙利包装,,,APP,2,34.7,F,汉,5369,4,01,FATHER,RELATIVES,1,89.67748,浙江省,CONSUME,01,,27.564801864645653,120.59381984888153,IOS,,0
100000,103,淮安市,上海好药师新奉药店,,,APP,4,46.7,M,汉,4162,4,01,MATE,SIBLING,1,70,江苏省,CONSUME,01,,31.029880823403034,121.65365372684988,ANDROID,,0
100000,105,延安市,陕西植物医生化妆品有限公司,,,XCX,3,30.4,F,汉,6098,2,01,PARENTS,FRIENDS,1,70,陕西省,CONSUME,01,,34.299622347989508,108.9230190581779,ANDROID,,0
100000,103,本溪市,爱妮雅美容院,,,APP,2,29.7,F,满,142,4,01,FATHER,FRIENDS,2,87.67233,辽宁省,CONSUME,01,,41.75141155354459,123.52084726141608,IOS,,0
100000,403,安阳市,巩志峰个人工作室,,,APP,2,47.5,M,汉,6004,3,01,SIBLING,FRIENDS,1,70,河南省,CONSUME,01,,40.231848548322037,116.29648245484235,ANDROID,,0
100000,,北京市,药业公司,,,APP,4,25.2,F,回,1670,2,,MOTHER,FRIENDS,2,70,北京市,CONSUME,01,,39.87736832144093,116.47475781600636,ANDROID,,0
100000,,凉山彝族自治州,大连俊锋重商贸有限公司,,,APP,2,51.8,M,汉,4774,4,01,COLLEAGUE,FRIENDS,2,70,四川省,CONSUME,01,,25.438642,103.816594,ANDROID,,0
100000,,太原市,岳磊个人工作室,,,APP,4,35.9,M,汉,7032,3,01,MOTHER,FRIENDS,1,89.34,山西省,CONSUME,01,,37.744963,112.572907,ANDROID,,0
100000,105,德州市,山东竣鸿兴电力有限公司,,,APP,3,23.8,M,汉,2058,2,01,FATHER,FATHER,2,89.678,山东省,CONSUME,01,,37.45150778936616,116.39381196416939,IOS,,0
100000,,商洛市,三花工业园,,,APP,2,25.7,M,汉,1924,2,01,FATHER,FRIENDS,2,70,陕西省,CONSUME,01,,30.287905,120.371994,ANDROID,,0
100000,102,淮南市,深圳乐活电子商务有限公司,,,XCX,2,36.0,F,汉,4628,2,01,FRIENDS,MATE,1,70,安徽省,CONSUME,01,,31.836429497385934,117.1446164592613,ANDROID,,0
100000,,上海市,春联出租车有限公司,,,XCX,2,51.9,M,汉,3882,3,01,MATE,COLLEAGUE,1,70,上海市,CONSUME,01,,31.15285171060091,121.8150104591742,ANDROID,,0
100000,,宿迁市,秦松洗车店,,,XCX,2,52.6,F,汉,181,2,01,CHILDREN,SIBLING,3,70,江苏省,CONSUME,01,,33.242397779707129,118.19659859009802,ANDROID,,0
100000,,青州市,潍坊中百益家园装饰有限公司,,,XCX,4,33.4,M,汉,4813,4,01,COLLEAGUE,COLLEAGUE,1,70,山东省,CONSUME,01,,36.7011572265625,118.48654893663195,ANDROID,,0
100000,,宁波市,宁波市海曙区章水镇杖锡村委会,,,APP,2,54.5,M,汉,3155,4,01,MOTHER,FRIENDS,1,70,浙江省,CONSUME,01,,29.767638075086804,121.16080376519098,ANDROID,,0
100000,,岳阳市,集镇五金建材店,,,APP,2,53.6,M,汉,1114,3,01,MATE,FRIENDS,1,70,湖南省,CONSUME,01,,25.091013,99.899435,ANDROID,,0
100000,105,大同市,乐创科技有限公司,,,APP,4,38.1,M,汉,4256,2,01,FRIENDS,MATE,1,70,山西省,CONSUME,01,,40.091249,113.316337,ANDROID,,0
100000,103,聊城市,山东硕唯商贸有限公司,,,XCX,3,35.4,M,汉,3914,3,,MATE,COLLEAGUE,1,70,山东省,CONSUME,01,,36.46321594143962,116.02458285541123,ANDROID,,0
100000,,玉溪市,兴盛工程机械修理厂,,,XCX,2,34.1,M,汉,6063,4,01,FATHER,FRIENDS,2,70,云南省,CONSUME,02,,24.365553385416668,102.55604709201388,ANDROID,,0
100000,302,烟台市,北京今圣梅家具制造有限公司,,,XCX,3,44.9,M,汉,1950,2,01,COLLEAGUE,FATHER,2,70,山东省,CONSUME,01,,37.36060275607639,121.82805772569445,ANDROID,,0
100000,,长春市,何欢个人工作室,,,APP,2,35.5,F,汉,5949,4,01,SIBLING,FRIENDS,3,70,吉林省,CONSUME,01,,43.92208494477036,125.38742490706685,ANDROID,,0
100000,102,上海市,青岛啤酒优家健康饮品（上海）有限公司,,,APP,2,41.2,M,汉,4495,2,01,FATHER,COLLEAGUE,2,70,上海市,CONSUME,01,,31.247387,121.608013,ANDROID,,0
100000,102,曲靖市,富源县中安家美日用品服务中心,,,APP,4,32.3,F,汉,5745,2,01,PARENTS,MOTHER,2,70,云南省,CONSUME,01,,21.959960892205289,100.4697044815651,ANDROID,,0
100000,102,成都市,成都玉龙化工有限公司,,,APP,3,35.7,M,汉,3912,4,01,FRIENDS,FATHER,1,97.7947,四川省,CONSUME,01,,30.829879903345309,104.29672421228978,ANDROID,,0
100000,,长春市,李铁成个人工作室,,,APP,4,34.3,M,汉,4508,4,01,FATHER,COLLEAGUE,3,70,吉林省,CONSUME,01,,43.838133046551728,125.3074674330477,ANDROID,,0
