amount,bankCardInfo.bankCode,city,companyInfo.companyName,companyInfo.industry,companyInfo.occupation,customerSource,degree,idInfo.birthDate,idInfo.gender,idInfo.nation,idInfo.validityDate,income,jobFunctions,linkmanList.0.relationship,linkmanList.1.relationship,maritalStatus,pictureInfo.0.faceScore,province,purpose,resideFunctions,term,deviceInfo.osType,deviceInfo.isCrossDomain,deviceInfo.applyPos,label
10000,,本溪市,贺姐脆皮鸡饭,Z,90,APP,3,40.5,F,汉,4024,4,,MATE,FRIENDS,1,70,辽宁省,CONSUME,,12,ANDROID,,辽宁省大连市中山区葵英街道文明巷27号,0
10000,104,信阳市,广域铭岛,Z,90,XCX,3,27.7,M,汉,1136,4,,FATHER,FATHER,2,86.486,河南省,CONSUME,,12,ANDROID,,浙江省宁波市北仑区小港街道石龙线,0
10000,308,淮南市,淮南乐崎尚食品有限公司,C,24,XCX,3,27.3,F,汉,1151,2,,FATHER,FRIENDS,2,96.0,安徽省,CONSUME,,12,ANDROID,,安徽省淮南市田家庵区三和镇杜鹃路,0
10000,105,德州市,征宙机械厂,Z,90,APP,2,33.9,M,汉,519,3,,PARENTS,FRIENDS,1,70,山东省,CONSUME,,12,ANDROID,false,江苏省扬州市广陵区曲江街道观潮路,0
10000,105,厦门市,厦门市欣定安贸易有限公司,C,24,XCX,2,51.5,M,汉,914,4,,PARENTS,SIBLING,1,70,福建省,CONSUME,,12,ANDROID,,福建省厦门市湖里区湖里街道仙洞路19号,0
10000,104,北海市,国际大厦,Z,90,APP,3,41.1,M,汉,3893,2,,PARENTS,SIBLING,1,70,广西壮族自治区,CONSUME,,12,ANDROID,false,广西壮族自治区玉林市玉州区南江街道金港路,0
10000,,承德市,北京晨景速度文化传媒有限公司,Z,90,APP,3,29.0,M,满,1576,2,,FATHER,FRIENDS,2,70,河北省,CONSUME,,12,ANDROID,,北京市丰台区成寿寺街道铁匠营路,0
10000,102,重庆市,上海鑫聚电器有限公司,C,24,APP,2,31.4,M,汉,6329,4,,FATHER,COLLEAGUE,2,75.401,重庆市,CONSUME,,12,ANDROID,false,上海市浦东新区康桥镇秀浦路辅路,1
10000,,肇庆市,粤帆轩家具有限公司,C,24,APP,3,30.3,M,汉,6016,3,,FATHER,RELATIVES,2,70,广东省,CONSUME,,12,ANDROID,false,广东省佛山市顺德区龙江镇人民南路63号,0
10000,103,绵阳市,包建筑工程,Z,90,APP,2,46.9,M,汉,5635,3,,PARENTS,FRIENDS,1,70,四川省,CONSUME,,12,ANDROID,false,广东省佛山市顺德区乐从镇,0
10000,105,长沙市,深圳市依克莱照明有限公司,Z,90,XCX,3,47.6,F,汉,688,2,,PARENTS,FRIENDS,1,70,湖南省,CONSUME,,12,ANDROID,,广东省中山市横栏镇丰裕南路,0
10000,102,信阳市,吴文静个人工作室,H,54,APP,2,35.3,F,汉,3928,4,,FATHER,COLLEAGUE,1,70,河南省,CONSUME,,12,ANDROID,false,河南省信阳市罗山县城关镇花园路,1
10000,307,深圳市,深圳市龙岗区祺承电子商务工作室,Z,90,APP,3,36.1,M,汉,5041,2,,PARENTS,FRIENDS,3,70,广东省,CONSUME,,12,ANDROID,false,广东省深圳市罗湖区黄贝街道爱国路4002-东门,0
10000,,铜陵市,桐城泽林出租有限公司,Z,90,APP,2,33.9,M,汉,5741,3,,MATE,FATHER,1,89.341,安徽省,CONSUME,,12,ANDROID,false,安徽省安庆市桐城市龙腾街道龙腾路辅路,0
10000,,黔南布依族苗族自治州,久久酒吧,I,54,APP,2,28.8,F,布依,457,4,,PARENTS,SIBLING,2,70,贵州省,CONSUME,,12,ANDROID,,贵州省黔南布依族苗族自治州惠水县王佑镇,0
10000,403,大同市,驴肉香个体,Z,90,APP,2,27.3,M,汉,606,4,,FATHER,MOTHER,2,70,山西省,CONSUME,,12,ANDROID,false,山西省大同市浑源县永安镇,0
10000,,抚顺市,马雪个人工作室,Z,90,APP,2,34.7,F,满,6728,2,,FRIENDS,FATHER,3,70,辽宁省,CONSUME,,12,ANDROID,false,辽宁省抚顺市清原满族自治县清原镇清河路65-22号,0
10000,310,遂宁市,力嘉包装有限公司,C,24,XCX,4,39.3,M,汉,5620,4,,FATHER,FRIENDS,1,93.889,四川省,CONSUME,,12,IOS,,广东省惠州市惠城区潼湖镇元湖一路,0
10000,,绵阳市,陈小林个人工作室,Z,90,APP,2,53.8,M,汉,1241,4,,FRIENDS,MATE,1,70,四川省,CONSUME,,12,ANDROID,,广东省江门市新会区大鳌镇,0
10000,,常德市,艺派工坊广告装饰工程有限公司,Z,90,APP,3,42.0,M,汉,3534,3,,FATHER,FRIENDS,2,70,湖南省,CONSUME,,12,ANDROID,,广东省东莞市南城街道海关路,0
10000,,昆明市,杨雪个人工作室,Z,90,APP,2,35.4,F,彝,4162,2,,PARENTS,SIBLING,3,84.126,云南省,CONSUME,,12,ANDROID,false,云南省昆明市五华区黑林铺街道人民西路710号,0
10000,102,曲靖市,广东省广青金属压延金属有限公司,H,54,APP,2,41.4,M,汉,5235,2,,PARENTS,COLLEAGUE,1,70,云南省,CONSUME,,12,ANDROID,false,广东省阳江市江城区平冈农场S51(阳阳高速),0
10000,105,天津市,舒驰容器有限公司,C,24,XCX,3,37.0,M,汉,6504,2,,MATE,FRIENDS,1,88.4,天津市,CONSUME,,12,ANDROID,,天津市津南区双港镇景荔道,0
10000,102,昭通市,昭阳农村商业银行,J,13,APP,4,50.6,M,汉,1385,4,,FATHER,COLLEAGUE,3,95.072,云南省,CONSUME,,12,ANDROID,false,云南省昭通市昭阳区太平街道龙泉新街,0
10000,,六盘水市,久泰邦达能源公司,Z,90,APP,3,27.4,M,汉,3077,2,,PARENTS,SIBLING,2,87.79,贵州省,CONSUME,,12,ANDROID,false,贵州省六盘水市盘州市红果街道,0
10000,102,南平市,贵州鑫瑞名茶业有限公司,Z,90,APP,2,30.3,F,汉,7178,2,,FATHER,FRIENDS,3,89.641,福建省,CONSUME,,12,ANDROID,false,西藏自治区山南市乃东区泽当街道,0
10000,,濉溪县,自由职业者,H,54,APP,2,39.2,M,汉,4007,2,,PARENTS,FRIENDS,3,70,安徽省,CONSUME,,12,ANDROID,false,江苏省南京市秦淮区光华路街道永智路,0
10000,105,梧州市,椰林海鲜码头二号,Z,90,APP,2,30.1,M,汉,1859,4,,FRIENDS,FATHER,2,94.143,广西壮族自治区,CONSUME,,12,ANDROID,,广东省深圳市光明区公明街道劲松四路,1
10000,102,连云港市,联博药业有限公司,M,11,APP,2,33.9,M,汉,4700,2,,FATHER,SIBLING,1,70,江苏省,CONSUME,,12,ANDROID,,江苏省扬州市邗江区汊河街道薛楼中心路,1
10000,105,福州市,黄妙希个人工作室,H,54,XCX,2,35.8,F,汉,3858,4,,PARENTS,FRIENDS,1,70,福建省,CONSUME,,12,ANDROID,,福建省福州市罗源县凤山镇禹步路,0
10000,,延边朝鲜族自治州,吉林省图们市边疆食管,I,54,APP,2,43.8,F,汉,4012,4,,MATE,FRIENDS,1,70,吉林省,CONSUME,,12,ANDROID,,吉林省延边朝鲜族自治州图们市月晴镇,0
10000,103,哈尔滨市,北京粉笔教育有限公司,P,13,XCX,3,39.7,F,汉,5565,4,,FATHER,COLLEAGUE,2,70,黑龙江省,CONSUME,,12,ANDROID,,黑龙江省哈尔滨市南岗区哈西街道学府路副29-7号,0
10000,403,郴州市,祺祥国际,I,54,XCX,2,33.8,F,汉,5105,2,,FATHER,FATHER,1,70,湖南省,CONSUME,,12,IOS,,湖南省郴州市宜章县玉溪镇文明北路,1
10000,105,双鸭山市,双鸭山市大商新玛特,H,54,APP,3,44.6,F,汉,2221,2,,MOTHER,SIBLING,3,70,黑龙江省,CONSUME,,12,ANDROID,false,黑龙江省双鸭山市尖山区中心站街道东平行路240号,0
10000,,湛江市,广州广日电梯工程有限公司,Z,90,APP,4,28.6,M,汉,6539,2,,FATHER,FRIENDS,2,70,广东省,CONSUME,,12,ANDROID,false,广东省广州市番禺区大龙街道市莲路38号,0
10000,,临沂市,临沂茗嘉房地产经纪有限公司,Z,90,APP,4,32.5,M,汉,5299,3,,PARENTS,FRIENDS,2,70,山东省,CONSUME,,12,ANDROID,,山东省临沂市河东区芝麻墩街道滨河东路,0
10000,102,福州市,惠园通讯有限公司,G,13,APP,3,35.6,M,汉,3951,4,,PARENTS,RELATIVES,2,70,福建省,CONSUME,,12,ANDROID,false,江西省赣州市瑞金市叶坪镇滨江北路,0
10000,105,揭阳市,潮州三环集团,H,54,APP,2,33.1,M,汉,5257,4,,MATE,FATHER,1,82.16,广东省,CONSUME,,12,ANDROID,false,广东省潮州市潮安区枫溪镇S233(潮汕路),0
10000,,鹰潭市,余丽萍个人工作室,Z,90,APP,2,36.9,F,汉,4129,2,,PARENTS,RELATIVES,1,77.615,江西省,CONSUME,,12,ANDROID,false,江西省鹰潭市贵溪市河潭镇,0
10000,104,湛江市,个体户开货车司机,Z,90,APP,2,47.6,M,汉,5564,4,,MATE,FRIENDS,1,95.0,广东省,CONSUME,,12,ANDROID,false,海南省三亚市吉阳区上抱坡北一路,0
10000,104,六安市,霍山海创环保科技有限公司,M,11,XCX,2,27.0,M,汉,6992,4,,MATE,FRIENDS,1,70,安徽省,CONSUME,,12,ANDROID,false,安徽省六安市霍山县经济开发区淠河东路,0
10000,104,武汉市,北京鑫诺美迪基因检测技术有限公司,L,17,XCX,3,37.0,M,汉,4250,2,,MATE,FRIENDS,1,70,湖北省,CONSUME,,12,ANDROID,,湖北省武汉市东西湖区吴家山街道啤砖路91-29号,0
10000,403,新乡市,辉县市公安局交通警察大队,S,11,XCX,2,45.0,M,汉,3747,4,,MATE,FRIENDS,1,92.043,河南省,CONSUME,,12,ANDROID,,河南省新乡市凤泉区潞王坟乡,0
10000,,黔东南苗族侗族自治州,浙江同力服装有限公司,C,24,APP,2,30.0,M,布依,156,2,,COLLEAGUE,FATHER,2,70,贵州省,CONSUME,,12,ANDROID,,浙江省湖州市长兴县和平镇幸福路,0
10000,103,湛江市,安雅整体家居公司,C,24,APP,2,40.6,M,汉,4318,4,,PARENTS,FRIENDS,1,70,广东省,CONSUME,,12,ANDROID,false,广东省湛江市徐闻县南山镇,0
10000,104,盐城市,崔刘生个人工作室,Z,90,APP,2,33.2,M,汉,6016,4,,MATE,FATHER,1,70,江苏省,CONSUME,,12,ANDROID,false,江苏省盐城市东台市东台镇,0
10000,403,合肥市,庐江县白山镇兴岗村,H,54,XCX,2,47.4,M,汉,385,2,,PARENTS,FRIENDS,3,86.291,安徽省,CONSUME,,12,ANDROID,,安徽省合肥市庐江县白山镇金石路,0
10000,,鄂州市,黄金花个人工作室,Z,90,APP,4,51.5,F,汉,142,2,,OTHER,MATE,1,70,湖北省,CONSUME,,12,ANDROID,,湖北省鄂州市鄂城区凤凰街道濠塘西巷,0
10000,105,省直辖县级行政区划,成都市丞韩商贸有限公司,H,54,APP,2,31.5,M,汉,7055,2,,FATHER,RELATIVES,1,95.072,湖北省,CONSUME,,12,ANDROID,false,湖北省武汉市蔡甸区奓山街道G50(沪渝高速),0
10000,105,重庆市,大众發型,Z,90,APP,3,42.3,M,汉,3947,2,,PARENTS,MATE,1,70,重庆市,CONSUME,,12,ANDROID,,广东省佛山市南海区桂城街道海三路32号,0
10000,,武汉市,刘佳维个人工作室,Z,90,APP,3,30.2,M,汉,1079,2,,FATHER,FRIENDS,2,70,湖北省,CONSUME,,12,ANDROID,false,湖北省武汉市新洲区邾城街道永安大道40,0
10000,,郑州市,上品易居,Z,90,APP,3,29.8,F,汉,2086,4,,PARENTS,FRIENDS,1,70,河南省,CONSUME,,12,ANDROID,,河南省郑州市荥阳市京城路街道G310(郑上路),0
10000,,荆州市,邹宇华个人工作室,Z,90,APP,2,57.7,M,汉,1456,4,,FRIENDS,MATE,1,70,湖北省,CONSUME,,12,ANDROID,,湖北省荆州市公安县麻豪口镇,0
10000,,晋城市,润东煤业,Z,90,APP,3,32.2,M,汉,5272,2,,PARENTS,FRIENDS,3,70,山西省,CONSUME,,12,ANDROID,,山西省晋城市城区钟家庄街道长安路231,0
10000,103,荆州市,公安想麻豪口镇大佰汇超市,Z,90,XCX,2,50.6,M,汉,3308,2,,PARENTS,FRIENDS,1,70,湖北省,CONSUME,,12,ANDROID,,湖北省荆州市公安县麻豪口镇麻岭路,0
10000,,忻州市,马利平个人工作室,Z,90,XCX,3,44.0,M,汉,4243,4,,MATE,FRIENDS,1,91.618,山西省,CONSUME,,12,ANDROID,,山西省忻州市繁峙县下茹越乡京昆线,1
10000,104,广元市,广元亿航环保科技有限公司,M,11,XCX,2,33.6,M,汉,6902,4,,FATHER,SIBLING,2,89.808,四川省,CONSUME,,12,ANDROID,,四川省广元市利州区南河街道G212(南环路),0
10000,,邵阳县黄亭市,长沙缠牛科技,G,13,APP,2,30.7,M,汉,6013,4,,PARENTS,RELATIVES,2,70,湖南省,CONSUME,,12,ANDROID,false,广东省东莞市大岭山镇龙江路81,0
10000,102,固原市,建材市场,H,54,APP,2,29.8,M,回,6454,4,,MATE,FRIENDS,1,70,宁夏回族自治区,CONSUME,,12,ANDROID,false,宁夏回族自治区固原市泾源县黄花乡,0
10000,,亳州市,朱亚男个人工作室,Z,90,APP,3,39.0,F,汉,4211,3,,FATHER,FRIENDS,2,70,安徽省,CONSUME,,12,ANDROID,,陕西省西安市碑林区柏树林街道西八道巷1号,1
10000,105,天津市,天津市红桥区咸阳路母婴店,Z,90,APP,4,37.2,F,汉,4042,4,,SIBLING,MATE,1,70,天津市,CONSUME,,12,ANDROID,false,天津市蓟州区文昌街道东环路辅路,0
10000,,重庆市,重庆美蓝德广告有限公司,Z,90,XCX,4,39.1,F,汉,4500,4,,FATHER,FRIENDS,1,70,重庆市,CONSUME,,12,IOS,,重庆市南岸区弹子石街道,1
10000,104,南平市,黄晨晖个人工作室,Z,90,XCX,2,28.7,M,汉,822,4,,MATE,FATHER,2,70,福建省,CONSUME,,12,ANDROID,,福建省南平市浦城县管厝乡丁俊中桥,0
10000,102,九江市,小曾文具批发,H,54,APP,3,39.3,M,汉,4769,2,,MATE,FRIENDS,2,91.167,江西省,CONSUME,,12,ANDROID,false,江西省九江市武宁县新宁镇,0
10000,105,银川市,宁夏德达建筑工程有限公司,E,24,XCX,3,33.4,M,汉,6714,4,,PARENTS,COLLEAGUE,1,80.238,宁夏回族自治区,CONSUME,,12,ANDROID,false,宁夏回族自治区吴忠市利通区郭家桥乡,0
10000,105,海口市,旺豪超市,Z,90,APP,2,38.9,F,汉,4277,4,,FATHER,FRIENDS,2,70,海南省,CONSUME,,12,ANDROID,,海南省海口市美兰区蓝天街道国兴大道辅路,0
10000,105,延安市,延安长胜建筑劳务有限公司,F,17,APP,4,32.7,M,汉,1072,2,,FATHER,FRIENDS,2,94.379,陕西省,CONSUME,,12,ANDROID,false,陕西省延安市宝塔区桥沟街道,0
10000,,营口市,伟哲塑料,Z,90,APP,3,35.4,M,汉,6692,4,,FATHER,FATHER,1,70,辽宁省,CONSUME,,12,ANDROID,,辽宁省营口市鲅鱼圈区芦屯镇,0
10000,,商丘市,纳尼亚实业有限公司,Z,90,APP,2,34.3,M,汉,6841,3,,FATHER,MATE,1,70,河南省,CONSUME,,12,ANDROID,false,江苏省苏州市常熟市莫城街道北浜路,0
10000,105,潍坊市,明波超市,Z,90,APP,3,36.5,F,汉,5012,2,,MATE,OTHER,1,70,山东省,CONSUME,,12,ANDROID,false,山东省青岛市即墨区通济街道淮涉河一路,0
10000,,吉林市,鑫安保险公司,Z,90,APP,4,28.3,F,汉,641,2,,MATE,FRIENDS,2,70,吉林省,CONSUME,,12,ANDROID,false,吉林省长春市南关区幸福乡锦湖大路,0
10000,105,泰州市,江苏新有建设集团有限公司,Z,90,XCX,4,39.2,M,汉,4430,4,,MATE,FRIENDS,1,70,江苏省,CONSUME,,12,ANDROID,,江苏省常州市新北区龙虎塘街道G42(沪蓉高速),0
10000,,曲靖市,曲靖昆钢嘉华水泥建材有限公司,C,24,XCX,3,49.5,M,汉,99999,3,,MATE,COLLEAGUE,1,70,云南省,CONSUME,,12,ANDROID,,云南省曲靖市师宗县丹凤街道丹凤东路10号,0
10000,,六安市,裕林家具工厂店,Z,90,XCX,2,35.3,M,汉,7143,2,,MATE,COLLEAGUE,1,89.216,安徽省,CONSUME,,12,ANDROID,,安徽省六安市裕安区六安市裕安区经济开发区天柱山路,0
10000,,吕梁市,华为技术有限公司,Z,90,APP,4,27.8,F,汉,6931,4,,FATHER,SIBLING,2,70,山西省,CONSUME,,12,ANDROID,false,山西省太原市小店区平阳路街道学府街辅路,1
10000,103,菏泽市,消防工程安装,E,24,APP,2,43.3,M,汉,1806,3,,MATE,FRIENDS,1,94.0,山东省,CONSUME,,12,ANDROID,false,山东省潍坊市青州市黄楼街道G233(仙客来南路),0
10000,103,开封市,恒大人寿河南分公司,J,13,APP,2,34.4,F,汉,185,2,,MATE,RELATIVES,1,91.518,河南省,CONSUME,,12,IOS,,河南省商丘市永城市演集街道中原北路,1
10000,,阜阳市,朱素诉个人工作室,Z,90,APP,2,49.0,F,汉,5288,2,,MATE,FATHER,3,70,安徽省,CONSUME,,12,ANDROID,,西藏自治区拉萨市城关区纳金乡团结路,0
10000,308,绵阳市,四川德源蚕业股份有限公司,Z,90,XCX,4,30.6,F,汉,6450,4,,SIBLING,MOTHER,2,76.692,四川省,CONSUME,,12,ANDROID,,四川省成都市新都区新都街道万堤路,0
10000,,抚顺市,庄静个人工作室,Z,90,APP,4,36.2,F,汉,4465,4,,MATE,SIBLING,1,70,辽宁省,CONSUME,,12,ANDROID,,辽宁省抚顺市抚顺县上马镇,1
10000,105,泉州市,苏培钦个人工作室,Z,90,XCX,4,29.8,M,汉,5958,2,,MATE,FRIENDS,1,88.79796,福建省,CONSUME,,12,IOS,,福建省泉州市安溪县参内镇河滨北路,0
10000,,长沙市,相食浏阳,Z,90,APP,2,35.6,M,汉,3961,3,,SIBLING,FATHER,3,89.321,湖南省,CONSUME,,12,ANDROID,false,湖南省长沙市浏阳市荷花街道金沙中路辅路,0
10000,,南宁市,黄耀佳个人工作室,Z,90,APP,2,33.0,M,汉,121,2,,COLLEAGUE,FATHER,1,70,广西壮族自治区,CONSUME,,12,ANDROID,false,广东省佛山市顺德区勒流街道G325(广南线),0
10000,,长沙市,和谐超市,Z,90,APP,2,51.9,F,苗,1044,4,,MATE,PARENTS,1,70,湖南省,CONSUME,,12,ANDROID,,湖南省长沙市望城区高塘岭街道东湖路,1
10000,,成都市,汪柳个人工作室,Z,90,XCX,4,34.4,M,汉,5622,4,,MATE,FRIENDS,1,70,四川省,CONSUME,,12,ANDROID,,四川省成都市简阳市三岔街道创新园街,0
10000,304,北京市,北方机动车检测有限公司,Z,90,XCX,3,39.9,M,汉,5062,2,,SIBLING,MATE,1,87.88,北京市,CONSUME,,12,ANDROID,,北京市海淀区西三旗街道永泰庄北路24号,0
10000,,赣州市,安远县工商联,Z,90,APP,4,36.8,M,汉,3893,2,,PARENTS,SIBLING,1,70,江西省,CONSUME,,12,ANDROID,false,江西省赣州市安远县欣山镇东升围大道,1
10000,,海东市,华泰协力有限公司,Z,90,APP,2,29.0,M,汉,6306,3,,PARENTS,FRIENDS,1,70,青海省,CONSUME,,12,ANDROID,,新疆维吾尔自治区乌鲁木齐市新市区二工街道京疆路,0
10000,105,烟台市,山东润和物业管理有限公司,Z,90,XCX,4,39.8,M,汉,5461,2,,PARENTS,SIBLING,1,80.544,山东省,CONSUME,,12,ANDROID,,山东省烟台市招远市温泉街道滨河路,0
10000,103,咸宁市,王杰个人工作室,Z,90,APP,2,40.4,M,汉,4164,4,,MATE,FATHER,1,70,湖北省,CONSUME,,12,ANDROID,false,湖北省咸宁市通山县洪港镇G106(京广线),0
10000,104,巴中市,孙姗姗个人工作室,Z,90,XCX,2,27.6,F,汉,477,2,,PARENTS,OTHER,1,70,四川省,CONSUME,,12,ANDROID,,四川省巴中市平昌县江口街道龙潭东街,0
10000,,揭阳市,深圳市万盛百货清湖店,H,54,XCX,3,32.9,F,汉,6985,4,,MOTHER,MATE,1,70,广东省,CONSUME,,12,ANDROID,,广东省揭阳市惠来县神泉镇,0
10000,,杭州市,杭州迅盛交通工程有限公司,J,13,XCX,4,29.8,M,汉,269,3,,FATHER,RELATIVES,2,70,浙江省,CONSUME,,12,ANDROID,,福建省泉州市石狮市凤里街道振兴路74巷-38,1
10000,105,汕尾市,广州市享氏贸易有限公司,Z,90,APP,2,34.0,M,汉,5082,4,,MATE,SIBLING,1,89.127,广东省,CONSUME,,12,ANDROID,false,广东省佛山市南海区桂城街道创智路,0
10000,105,本溪市,本钢北营集团,C,24,XCX,3,43.9,M,汉,3670,4,,MATE,FRIENDS,1,70,辽宁省,CONSUME,,12,ANDROID,,辽宁省本溪市平山区平山街道英勇街18-1号,0
10000,302,杭州市,春南农夫生鲜,Z,90,XCX,2,35.1,M,汉,4269,3,,PARENTS,FRIENDS,1,70,浙江省,CONSUME,,12,ANDROID,,浙江省杭州市富阳区灵桥镇,0
10000,,柳州市,侯云个人工作室,Z,90,APP,4,32.1,M,壮,189,4,,MATE,SIBLING,1,70,广西壮族自治区,CONSUME,,12,ANDROID,,广西壮族自治区柳州市柳城县太平镇,0
10000,,临沂市,鑫海金属有限公司,C,24,APP,3,39.5,M,汉,3759,4,,FATHER,MOTHER,1,70,山东省,CONSUME,,12,ANDROID,,山东省青岛市即墨区通济街道G2011(青新高速),0
10000,105,临沂市,东方纯K,R,17,XCX,2,34.9,F,汉,4955,4,,FATHER,FRIENDS,2,76.3786,山东省,CONSUME,,12,ANDROID,,山东省临沂市费县东蒙镇汶泗公路,0
10000,102,重庆市,五星代驾服务有限公司。,H,54,XCX,2,43.6,M,汉,3839,4,,MATE,SIBLING,1,85.345,重庆市,CONSUME,,12,IOS,,广东省中山市坦洲镇网髻路32号,0
10000,105,铜陵市,中外运物流南京有限公司,F,17,XCX,4,27.2,M,汉,7048,2,,FATHER,SIBLING,2,86.622,安徽省,CONSUME,,12,IOS,,安徽省合肥市蜀山区南七街道石台路,0
10000,103,蚌埠市,高速公路蚌埠管理处,F,17,XCX,4,31.4,M,汉,1039,2,,COLLEAGUE,MATE,1,70,安徽省,CONSUME,,12,ANDROID,,安徽省蚌埠市蚌山区黄庄街道朝阳路228号,0
10000,103,玉林市,车胜汽修,P,13,XCX,2,28.8,M,汉,6713,2,,FATHER,FRIENDS,2,72.478,广西壮族自治区,CONSUME,,12,ANDROID,,云南省昆明市官渡区小板桥街道众天路1号,0
10000,403,龙岩市,私营业主,Z,90,XCX,2,33.0,M,汉,7086,4,,MATE,FRIENDS,1,81.594,福建省,CONSUME,,12,ANDROID,,福建省龙岩市永定区凤城街道S40(漳武高速),0
10000,,石家庄市,河北省保障住房投资有限公司,Z,90,APP,3,37.1,M,汉,3892,4,,PARENTS,SIBLING,1,70,河北省,CONSUME,,12,ANDROID,,河北省石家庄市新华区联盟街道高东街,0
10000,102,哈尔滨市,私人业主,Z,90,APP,2,35.9,M,汉,6104,4,,PARENTS,FRIENDS,3,96.0,黑龙江省,CONSUME,,12,ANDROID,false,内蒙古自治区呼和浩特市和林格尔县盛乐镇云谷大街,1
10000,302,南昌市,中国中铁电气华局,E,24,XCX,2,30.1,M,汉,655,4,,PARENTS,FRIENDS,1,89.695,江西省,CONSUME,,12,ANDROID,,江西省南昌市南昌县昌东镇紫阳大道169号,0
10000,103,潍坊市,山东华韵生态环境工程有限公司,E,24,APP,3,28.8,M,汉,707,2,,FATHER,COLLEAGUE,2,92.12304,山东省,CONSUME,,12,ANDROID,false,山东省潍坊市坊子区凤凰街道龙山路,0
10000,,徐州市,枣庄市康行健健康信息咨询有限公司,Q,11,XCX,3,44.7,M,汉,3555,4,,MATE,COLLEAGUE,1,70,江苏省,CONSUME,,12,ANDROID,,江苏省徐州市鼓楼区环城街道中山北路274号,1
10000,,鸡西市,凯丰烧烤,Z,90,APP,2,36.4,F,汉,3913,2,,PARENTS,SIBLING,1,70,黑龙江省,CONSUME,,12,ANDROID,,黑龙江省鸡西市恒山区红旗乡S206,0
10000,102,温州市,温州新概念服饰有限公司,C,24,APP,3,27.6,M,汉,690,3,,PARENTS,FRIENDS,2,70,浙江省,CONSUME,,12,ANDROID,false,浙江省温州市瓯海区仙岩街道育知中路18号,0
10000,103,湛江市,遂溪县遂城镇城东社区居委会,S,11,APP,3,44.7,M,汉,4069,2,,PARENTS,FRIENDS,1,95.884,广东省,CONSUME,,12,ANDROID,false,广东省湛江市遂溪县遂城街道,1
10000,,黔西南布依族苗族自治州,政务服务中心,Z,90,APP,4,36.4,M,汉,4593,3,,PARENTS,FRIENDS,3,70,贵州省,CONSUME,,12,ANDROID,,贵州省黔西南布依族苗族自治州安龙县招堤街道G552,0
10000,,周口市,滕家大酒店,Z,90,APP,2,29.3,M,汉,2348,2,,FATHER,FRIENDS,1,70,河南省,CONSUME,,12,ANDROID,false,河南省郑州市新郑市郭店镇,0
10000,105,北京市,陕西建工集团,E,24,APP,2,34.4,M,汉,4440,2,,MATE,SIBLING,1,70,北京市,CONSUME,,12,ANDROID,false,山东省菏泽市曹县普连集镇,0
10000,102,海口市,天力物业,L,17,APP,4,39.0,M,汉,5173,2,,SIBLING,FATHER,1,78.311,海南省,CONSUME,,12,ANDROID,false,海南省海口市琼山区滨江街道,0
10000,105,大理白族自治州,云南建投第四建设有限公司,E,24,APP,3,34.9,F,汉,4579,4,,MATE,COLLEAGUE,1,98.0,云南省,CONSUME,,12,ANDROID,false,云南省大理白族自治州大理市太和街道榆华路辅路,0
10000,,郑州市,河南省人才,Z,90,APP,4,32.9,F,汉,5648,3,,PARENTS,FATHER,2,70,河南省,CONSUME,,12,ANDROID,,河南省郑州市中原区林山寨街道建设西路131号楼-附1号,1
10000,,黔西南布依族苗族自治州,贵州兴义农村商业银行股份有限公司,J,13,APP,4,37.7,F,汉,6142,2,,SIBLING,FATHER,3,70,贵州省,CONSUME,,12,ANDROID,,贵州省黔西南布依族苗族自治州兴义市桔山街道东环路,1
10000,,射洪市,张雪梅个人工作室,Z,90,XCX,2,36.8,F,汉,5719,4,,MATE,FRIENDS,1,70,四川省,CONSUME,,12,ANDROID,,四川省成都市新都区斑竹园街道普丰路,0
10000,,绥化市,刘野个人工作室,Z,90,APP,3,28.7,F,汉,1667,2,,MOTHER,SIBLING,1,70,黑龙江省,CONSUME,,12,ANDROID,,黑龙江省绥化市北林区大有街道黄河北路287,0
10000,105,西安市,王娟经络养生,R,17,APP,2,30.6,F,汉,6033,2,,PARENTS,FRIENDS,1,70,陕西省,CONSUME,,12,ANDROID,false,陕西省西安市阎良区凤凰路街道胜利街201号,0
10000,,汉中市,赵垚洁个人工作室,Z,90,APP,2,40.6,M,汉,4878,2,,MATE,CHILDREN,1,70,陕西省,CONSUME,,12,ANDROID,false,陕西省西安市未央区草滩街道草滩七路,0
10000,,昆明市,云南省昆明市盘龙区双龙卫生材料有限公司,C,24,APP,2,50.8,M,汉,272,4,,PARENTS,FRIENDS,1,70,云南省,CONSUME,,12,ANDROID,false,云南省昆明市盘龙区双龙街道,0
10000,104,潍坊市,小周海鲜,I,54,APP,2,31.4,F,汉,6420,4,,MATE,MATE,1,89.631,山东省,CONSUME,,12,ANDROID,false,山东省潍坊市昌乐县宝城街道新城街,0
10000,,唐山市,唐山市公安局特警支队。,Z,90,APP,3,30.9,M,汉,5763,2,,MOTHER,FATHER,1,77.06,河北省,CONSUME,,12,ANDROID,false,河北省唐山市路北区翔云道街道长宁西道,0
10000,,宿迁市,王天缘个人工作室,Z,90,APP,3,30.5,M,汉,150,4,,PARENTS,FRIENDS,2,70,江苏省,CONSUME,,12,ANDROID,false,江苏省宿迁市泗洪县双沟镇G235(宁徐路),0
10000,103,许昌市,杨蒙辉个人工作室,J,13,APP,3,35.5,M,汉,7190,4,,PARENTS,SIBLING,2,87.94,河南省,CONSUME,,12,ANDROID,false,河南省许昌市襄城县库庄镇文化路,0
10000,102,漳州市,和宇工艺,H,54,APP,2,46.0,F,汉,399,2,,MATE,SIBLING,1,70,福建省,CONSUME,,12,ANDROID,,福建省漳州市诏安县西潭镇X552,0
10000,,赣州市,随意餐饮,Z,90,APP,3,40.8,M,汉,6473,3,,MATE,FATHER,2,70,江西省,CONSUME,,12,ANDROID,false,江西省赣州市信丰县嘉定镇中学路,0
10000,,济宁市,李广朋个人工作室,Z,90,APP,3,49.7,M,汉,4707,3,,FATHER,FATHER,1,70,山东省,CONSUME,,12,ANDROID,,山东省日照市东港区北京路街道香港东路辅路,1
10000,104,泸州市,宁波镇海沃恩美特新材料科技有限公,G,13,XCX,2,45.5,F,汉,2872,2,,PARENTS,FRIENDS,2,70,四川省,CONSUME,,12,ANDROID,,浙江省宁波市镇海区蛟川街道镇宁东路668号,0
10000,,朝阳市,秦皇岛峰璟汽车零部件有限公司,Z,90,APP,4,34.5,F,汉,5622,2,,MOTHER,SIBLING,2,70,辽宁省,CONSUME,,12,ANDROID,,河北省秦皇岛市海港区黄河道街道长江中道辅路,1
10000,,萍乡市,余武兵个人工作室,Z,90,APP,3,52.3,M,汉,1196,2,,MATE,CHILDREN,1,74.335,江西省,CONSUME,,12,ANDROID,,江西省萍乡市芦溪县上埠镇,0
10000,102,黑河市,泰康人寿保险青岛市北分公司,J,13,XCX,3,31.3,F,汉,6660,3,,PARENTS,COLLEAGUE,2,95.072,黑龙江省,CONSUME,,12,ANDROID,,山东省青岛市李沧区浮山路街道大崂路957号,0
10000,103,十堰市,宇隆包装制品有限公司,C,24,APP,2,37.0,M,汉,4507,3,,MOTHER,MATE,1,70,湖北省,CONSUME,,12,ANDROID,false,湖北省十堰市房县城关镇S305(房陵东大道),0
10000,103,杭州市,王可炜个人工作室,Z,90,APP,3,31.9,M,汉,5355,2,,PARENTS,FRIENDS,1,70,浙江省,CONSUME,,12,ANDROID,,浙江省杭州市萧山区进化镇云慈线,0
10000,104,杭州市,杭州临安华诚建筑劳务分包有限公司,E,24,APP,2,53.9,M,汉,1116,4,,CHILDREN,FRIENDS,1,70,浙江省,CONSUME,,12,ANDROID,,浙江省杭州市临安区锦城街道钱王街773号,0
10000,,邵阳市,上海建工,Z,90,XCX,2,35.3,M,汉,6758,2,,PARENTS,FRIENDS,2,70,湖南省,CONSUME,,12,ANDROID,false,湖南省邵阳市隆回县麻塘山乡,0
10000,,汕头市,蔡西敏个人工作室,G,13,XCX,4,34.8,M,汉,5403,4,,PARENTS,FRIENDS,2,70,广东省,CONSUME,,12,ANDROID,,广东省汕头市潮阳区谷饶镇饶中路,0
10000,103,抚州市,鸿辉九康大药房,H,54,XCX,2,49.1,M,汉,385,4,,MATE,CHILDREN,1,70,江西省,CONSUME,,12,ANDROID,,湖南省湘潭市雨湖区昭潭街道沿江中路,0
10000,102,张掖市,鸿玉大酒店,I,54,APP,3,38.8,F,汉,4159,4,,MATE,FATHER,1,91.256,甘肃省,CONSUME,,12,ANDROID,false,甘肃省张掖市民乐县洪水镇X212,1
10000,403,绍兴市,顺丰控股,Z,90,APP,3,32.3,M,汉,309,3,,FATHER,FRIENDS,2,70,浙江省,CONSUME,,12,ANDROID,false,浙江省绍兴市诸暨市暨阳街道东江路,0
10000,102,达州市,雅馨一站式抗衰健康管理中心,Q,11,XCX,3,34.4,F,汉,5963,2,,MOTHER,FRIENDS,1,91.89212,四川省,CONSUME,,12,IOS,,湖南省娄底市娄星区大科街道,1
10000,,聊城市,田勇个人工作室,Z,90,APP,2,38.9,M,汉,6106,3,,FATHER,MATE,1,70,山东省,CONSUME,,12,ANDROID,false,山东省聊城市莘县大王寨镇河王路,0
10000,102,白银市,鑫裕公司,Z,90,XCX,2,48.1,M,汉,814,4,,PARENTS,COLLEAGUE,1,70,甘肃省,CONSUME,,12,ANDROID,,甘肃省白银市靖远县北湾镇G341(五金段),0
10000,102,惠州市,宝安区允利,Z,90,XCX,4,41.1,F,汉,3832,3,,MATE,FRIENDS,1,70,广东省,CONSUME,,12,ANDROID,,广东省深圳市宝安区新安街道兴华一路北四巷5,0
10000,105,宣城市,安徽军杰建筑公司,H,24,XCX,2,45.3,M,汉,2029,4,,MATE,MATE,2,70,安徽省,CONSUME,,12,ANDROID,false,上海市宝山区月浦镇知仁路,0
10000,102,阜阳市,金竹装饰公司,E,24,APP,2,29.6,M,汉,1857,2,,PARENTS,RELATIVES,1,81.075,安徽省,CONSUME,,12,ANDROID,false,安徽省阜阳市界首市任寨乡,0
10000,102,淄博市,荆树亮个人工作室,Z,90,APP,3,44.5,M,汉,3087,3,,PARENTS,FRIENDS,1,82.94,山东省,CONSUME,,12,ANDROID,,山东省淄博市桓台县马桥镇海力路,0
10000,102,萍乡市,单元组合办公环境设备有限公司,C,24,XCX,3,39.4,F,汉,4159,3,,MATE,OTHER,1,70,江西省,CONSUME,,12,IOS,,江西省萍乡市安源区东大街道X128(南环路),0
10000,,成都市,钟宇个人工作室,Z,90,XCX,2,38.0,F,汉,6709,4,,MATE,CHILDREN,1,90.311,四川省,CONSUME,,12,ANDROID,,四川省成都市双流区西航港街道环行大道北段,0
10000,103,河源市,周六福珠宝顾问,Z,90,APP,2,33.4,F,汉,4808,4,,MATE,FATHER,1,70,广东省,CONSUME,,12,ANDROID,,广东省广州市南沙区南沙街道商贸南二路,0
10000,,济宁市,泰康人寿保险公司,Z,90,APP,2,34.6,F,汉,5690,2,,MATE,FATHER,1,97.15,山东省,CONSUME,,12,ANDROID,false,山东省济宁市邹城市钢山街道立新街,1
10000,105,赣州市,鑫宝织物,H,54,APP,4,47.0,M,汉,6131,4,,MATE,RELATIVES,1,96.495,江西省,CONSUME,,12,ANDROID,false,福建省泉州市晋江市龙湖镇,1
10000,309,宜春市,付源个人工作室,Z,90,APP,4,39.1,M,汉,5162,4,,FATHER,SIBLING,1,90.76913,江西省,CONSUME,,12,ANDROID,false,江西省宜春市高安市大城镇,0
10000,403,宁波市,宁波亚太酒店物业管理有限公司,Z,90,XCX,2,43.7,M,汉,3563,4,,MATE,FATHER,1,70,浙江省,CONSUME,,12,ANDROID,false,浙江省宁波市宁海县跃龙街道中山东路八三弄,0
10000,102,海口市,潘锦清补凉店,Z,90,APP,3,35.5,M,汉,5277,2,,MATE,FRIENDS,1,70,海南省,CONSUME,,12,ANDROID,false,海南省海口市琼山区凤翔街道城南一横路,0
10000,105,滁州市,徐彦个人工作室,Z,90,APP,2,46.2,M,汉,2143,2,,FATHER,FRIENDS,2,93.601,安徽省,CONSUME,,12,ANDROID,,安徽省滁州市琅琊区凤凰街道龙山路,0
10000,104,渭南市,铂汉电子科技有限公司,Z,90,APP,3,35.0,M,汉,4591,4,,FATHER,COLLEAGUE,2,70,陕西省,CONSUME,,12,ANDROID,false,江苏省苏州市相城区黄埭镇胡桥路81号,0
10000,105,合肥市,无锡台亿达精密工业有限公司,Z,90,XCX,2,43.4,M,汉,4191,3,,FRIENDS,MATE,1,70,安徽省,CONSUME,,12,ANDROID,,江苏省无锡市新吴区硕放街道东环路,0
10000,105,铜仁市,木黄镇人民政府,S,11,APP,3,43.8,M,土家,4947,2,,MATE,FRIENDS,1,90.922,贵州省,CONSUME,,12,ANDROID,,贵州省铜仁市印江土家族苗族自治县木黄镇S17(秀印高速),0
10000,105,上海市,上海东湖物业管理有限公司,Z,90,APP,4,34.0,M,汉,5214,2,,MATE,FRIENDS,1,70,上海市,CONSUME,,12,ANDROID,false,上海市浦东新区金杨新村街道金桥路1725号,0
10000,102,苏州市,九一九烟酒店,C,24,APP,2,50.6,M,汉,2007,3,,PARENTS,FRIENDS,2,70,江苏省,CONSUME,,12,ANDROID,false,江苏省苏州市苏州工业园区娄葑街道通园路368号,0
10000,102,自贡市,美的中央空调事业部,C,24,APP,2,32.6,M,汉,4932,2,,SIBLING,PARENTS,2,70,四川省,CONSUME,,12,ANDROID,false,贵州省贵阳市观山湖区观山街道观山东路,0
10000,105,成都市,成都骨科医院,Q,11,APP,4,35.9,F,汉,4215,2,,FATHER,SIBLING,1,89.885,四川省,CONSUME,,12,IOS,,四川省成都市龙泉驿区大面街道外东洪路,0
10000,102,临沂市,山东省平邑县金星石材有限公司,C,24,APP,2,36.3,M,汉,4978,3,,MATE,MOTHER,1,70,山东省,CONSUME,,12,ANDROID,false,山东省临沂市平邑县仲村镇,0
10000,104,衢州市,龙游伊利乳业有限责任公司,C,24,APP,2,36.2,M,汉,6077,2,,PARENTS,MATE,2,88.916,浙江省,CONSUME,,12,ANDROID,false,浙江省衢州市龙游县塔石镇,0
10000,,来宾市,广西忻城县城关镇慧思艺术培训有限公司,R,17,XCX,3,33.9,F,壮,5661,3,,MOTHER,SIBLING,1,70,广西壮族自治区,CONSUME,,12,ANDROID,,广西壮族自治区来宾市忻城县城关镇芝州二路,1
10000,103,绥化市,李明辉个人工作室,Z,90,XCX,3,31.7,M,汉,6102,2,,MATE,FRIENDS,1,76.05913,黑龙江省,CONSUME,,12,ANDROID,,黑龙江省齐齐哈尔市克东县克东镇,0
10000,,厦门市,惠兰床上用品,Z,90,APP,2,56.7,F,汉,511,4,,MATE,SIBLING,1,70,福建省,CONSUME,,12,ANDROID,,福建省漳州市龙海区角美镇S201(角海路),0
10000,105,菏泽市,西安仁捷房地产营销策划有限公司,K,17,APP,3,36.9,M,汉,4563,3,,MATE,COLLEAGUE,1,70,山东省,CONSUME,,12,ANDROID,false,陕西省西安市雁塔区丈八沟街道团结南路辅路,0
10000,105,昆明市,家有儿女母婴店,H,54,XCX,2,28.5,F,彝,1149,4,,MATE,SIBLING,1,70,云南省,CONSUME,,12,ANDROID,,云南省昆明市西山区马街街道G56(杭瑞高速),1
10000,403,哈尔滨市,魏国波个人工作室,Z,90,XCX,2,36.6,M,汉,6105,4,,FATHER,COLLEAGUE,1,70,黑龙江省,CONSUME,,12,ANDROID,,黑龙江省哈尔滨市双城区双城镇新兴路,0
10000,403,菏泽市,侯爱巧个人工作室,Z,90,APP,2,36.1,F,汉,4154,4,,MATE,FATHER,2,70,山东省,CONSUME,,12,ANDROID,false,山东省青岛市即墨区北安街道即兰路,0
10000,104,玉林市,保利物业服务股份有限公司,L,17,APP,2,33.9,M,汉,4704,2,,PARENTS,FRIENDS,1,70,广西壮族自治区,CONSUME,,12,ANDROID,false,广东省广州市海珠区琶洲街道新洲立交桥,0
10000,105,哈尔滨市,哈尔滨迅捷科技公司,G,13,APP,4,39.2,M,汉,4276,2,,MOTHER,FRIENDS,2,70,黑龙江省,CONSUME,,12,ANDROID,false,黑龙江省哈尔滨市南岗区芦家街道红旗大街170号,1
10000,103,淮南市,胡敏个人工作室,Z,90,XCX,2,44.8,F,汉,1996,4,,MATE,FATHER,1,89.635,安徽省,CONSUME,,12,ANDROID,,安徽省淮南市凤台县焦岗湖镇,0
10000,102,漳州市,吴俊鑫个人工作室,Z,90,XCX,3,37.2,M,汉,3705,4,,MATE,SIBLING,1,92.755,福建省,CONSUME,,12,IOS,,福建省漳州市龙文区步文街道碧湖路,1
10000,103,宿迁市,孙杰鞋业有限公司,H,54,APP,3,31.4,M,汉,1113,3,,MATE,FRIENDS,1,70,江苏省,CONSUME,,12,ANDROID,false,江苏省宿迁市泗洪县青阳镇青阳南路,0
10000,,徐州市,许伟个人工作室,Z,90,APP,2,36.7,M,汉,5570,4,,SIBLING,MATE,1,70,江苏省,CONSUME,,12,ANDROID,,江苏省徐州市铜山区大彭镇Y451(大雁路),0
10000,102,池州市,安徽梅龙建设集团有限公司东至分公司,E,24,APP,3,37.7,M,汉,4542,2,,MATE,FRIENDS,1,70,安徽省,CONSUME,,12,ANDROID,false,安徽省池州市东至县尧渡镇滨河路,1
10000,104,沈阳市,闫国玮个人工作室,Z,90,APP,4,29.8,M,汉,1102,4,,PARENTS,FRIENDS,2,70,辽宁省,CONSUME,,12,ANDROID,false,陕西省西安市长安区郭杜街道子午大道辅路,1
10000,,泰州市,泰州市茂平化工机械有限公司,Z,90,APP,2,57.1,M,汉,99999,4,,MATE,RELATIVES,1,70,江苏省,CONSUME,,12,ANDROID,,江苏省泰州市姜堰区罗塘街道鸡鸣东路,0
10000,,临汾市,李志奇个人工作室,Z,90,APP,2,27.0,M,汉,1253,3,,MATE,FRIENDS,1,70,山西省,CONSUME,,12,ANDROID,false,山西省太原市万柏林区长风西街街道南屯路,0
10000,105,伊春市,杭州凤玖科技有限公司,Z,90,APP,4,36.9,F,汉,4024,4,,PARENTS,FRIENDS,3,70,黑龙江省,CONSUME,,12,ANDROID,false,浙江省杭州市钱塘区下沙街道广泰路,0
10000,,台州市,蓬街镇派出所,Z,90,APP,3,28.2,M,汉,6518,4,,PARENTS,COLLEAGUE,2,70,浙江省,CONSUME,,12,ANDROID,,浙江省台州市路桥区蓬街镇石八线,0
10000,308,宿州市,慈溪市鑫乐装饰工程有限公司,Z,90,XCX,2,35.6,M,汉,7114,3,,PARENTS,FRIENDS,2,95.072,安徽省,CONSUME,,12,ANDROID,,上海市浦东新区陆家嘴街道丰和路122号,0
10000,102,玉林市,土家风味菜馆,Z,90,APP,2,30.6,M,汉,1844,2,,FRIENDS,FATHER,2,85.181,广西壮族自治区,CONSUME,,12,ANDROID,false,河南省郑州市中牟县姚家镇轩城大道,0
10000,105,榆林市,茉莉花开音乐餐厅,I,54,XCX,2,33.9,F,汉,4465,4,,MATE,SIBLING,1,70,陕西省,CONSUME,,12,ANDROID,,陕西省榆林市定边县定边街道长城南街299,0
10000,105,上海市,上海浩泽诺瑞空气净化设备有限公司,C,24,XCX,3,43.0,M,汉,3587,4,,SIBLING,FATHER,1,70,上海市,CONSUME,,12,ANDROID,,上海市浦东新区唐镇金槐路,0
10000,105,锦州市,个体工商户,Z,90,APP,3,39.0,M,满,5325,3,,MOTHER,FRIENDS,2,86.97803,辽宁省,CONSUME,,12,ANDROID,false,陕西省西安市雁塔区长延堡街道盈丰路,1
10000,,福州市,林秋云个人工作室,Z,90,APP,2,45.1,F,汉,2693,2,,PARENTS,FRIENDS,2,70,福建省,CONSUME,,12,ANDROID,,福建省福州市长乐区金峰镇西宅路,0
10000,,运城市,晋芮美缝店,Z,90,APP,3,34.7,F,汉,4341,3,,FATHER,MATE,1,70,山西省,CONSUME,,12,ANDROID,false,山西省运城市芮城县古魏镇S337(平风线),0
10000,103,临沂市,临沂明和土地房地产评估临沂分公司,L,17,APP,3,40.8,M,汉,6141,4,,MATE,RELATIVES,2,70,山东省,CONSUME,,12,ANDROID,false,四川省凉山彝族自治州西昌市西城街道一环路北三段,1
10000,102,铜仁市,亿欧得电子有限公司,G,13,APP,3,31.3,F,汉,6281,2,,MATE,SIBLING,1,90.748,贵州省,CONSUME,,12,ANDROID,,贵州省遵义市红花岗区新蒲街道G326(秀河线),1
10000,,梅州市,深圳市周大福珠宝制造有限公司,Z,90,XCX,3,31.0,M,汉,1239,4,,PARENTS,SIBLING,1,86.381,广东省,CONSUME,,12,ANDROID,,广东省深圳市盐田区盐田街道北山道134号,0
10000,,石家庄市,井陉君友山庄养殖场,Z,90,APP,3,36.7,F,汉,4660,4,,FATHER,RELATIVES,1,87.148,河北省,CONSUME,,12,ANDROID,false,河北省石家庄市井陉县苍岩山镇,0
10000,105,泉州市,红桔子幼托所,C,24,APP,2,43.3,F,汉,1205,3,,PARENTS,FRIENDS,1,70,福建省,CONSUME,,12,ANDROID,false,福建省泉州市丰泽区清源街道北山路,1
10000,,张掖市,甘肃种业,A,27,APP,3,42.7,M,汉,3369,4,,MATE,FRIENDS,1,70,甘肃省,CONSUME,,12,ANDROID,,甘肃省张掖市甘州区乌江镇,0
10000,302,晋中市,天津小蚁科技有限公司,G,13,APP,3,29.6,M,汉,6134,2,,FATHER,FRIENDS,2,73.41003,山西省,CONSUME,,12,ANDROID,false,山西省晋中市榆社县北寨乡,0
10000,,徐州市,常州祥锐碳素有限公司,Z,90,APP,3,37.7,M,汉,4851,3,,MOTHER,FRIENDS,1,88.01,江苏省,CONSUME,,12,ANDROID,false,江苏省常州市金坛区朱林镇,0
10000,,梧州市,宾燕玲个人工作室,Z,90,APP,4,27.8,F,汉,6769,3,,PARENTS,FRIENDS,2,70,广西壮族自治区,CONSUME,,12,ANDROID,,广东省中山市东凤镇木棉上街,0
10000,105,长沙市,尹红霞个人工作室,Z,90,APP,4,47.4,F,汉,3821,3,,PARENTS,FRIENDS,1,70,湖南省,CONSUME,,12,ANDROID,false,湖南省长沙市雨花区洞井街道,0
10000,104,大同市,杭州持正股份有限公司,Z,90,APP,3,32.0,M,汉,5494,4,,PARENTS,RELATIVES,1,70,山西省,CONSUME,,12,ANDROID,false,浙江省杭州市钱塘区义蓬街道,0
10000,102,南昌市,万德有个人工作室,Z,90,XCX,4,35.4,M,汉,4597,2,,PARENTS,COLLEAGUE,2,91.65763,江西省,CONSUME,,12,IOS,,江西省九江市共青城市甘露镇火炬八路,0
10000,,焦作市,鸿富锦精密电子郑州有限公司,G,13,APP,3,37.7,M,汉,4842,2,,FATHER,MOTHER,1,70,河南省,CONSUME,,12,ANDROID,false,河南省新乡市原阳县原武镇,0
10000,,南充市,杜洪英个人工作室,Z,90,APP,4,36.0,F,汉,4522,4,,MATE,FRIENDS,1,70,四川省,CONSUME,,12,ANDROID,false,甘肃省张掖市甘州区张掖经济技术开发区,0
10000,,西安市,西安市长安区米芙蛋糕店,H,54,APP,4,42.8,M,汉,5776,3,,FATHER,FRIENDS,3,70,陕西省,CONSUME,,12,ANDROID,,陕西省西安市未央区草滩街道龙朔南路,0
10000,105,资阳市,四川雄建,Z,90,APP,2,35.7,M,汉,5606,2,,PARENTS,SIBLING,3,90.479,四川省,CONSUME,,12,IOS,,福建省福州市长乐区航城街道,0
10000,,普洱市,普洱茶有限公司,Z,90,APP,4,28.6,M,哈尼,7015,2,,FATHER,MOTHER,1,70,云南省,CONSUME,,12,ANDROID,false,云南省普洱市思茅区南屏镇曼连公路,0
10000,105,玉林市,广西省阳光药业康益药店,H,54,APP,2,46.2,M,汉,3995,2,,MATE,SIBLING,1,92.845,广西壮族自治区,CONSUME,,12,ANDROID,false,广西壮族自治区玉林市北流市北流镇,0
10000,102,南通市,上海振华重型装备有限公司,Z,90,XCX,2,37.1,F,汉,3991,2,,MATE,SIBLING,1,70,江苏省,CONSUME,,12,ANDROID,,安徽省合肥市肥东县撮镇镇新世界路,0
10000,104,白山市,高尔夫尊北京科技有限公司,G,13,XCX,4,44.1,M,汉,2966,4,,PARENTS,FRIENDS,1,91.754,吉林省,CONSUME,,12,ANDROID,,河北省廊坊市三河市高楼镇G0121(京秦高速),0
10000,105,衡阳市,狼王文化集团,Z,90,APP,3,29.9,F,汉,6874,2,,MATE,SIBLING,1,78.597,湖南省,CONSUME,,12,ANDROID,,湖南省衡阳市雁峰区黄茶岭街道南二环辅路,1
10000,103,临沂市,高玉涛个人工作室,Z,90,XCX,4,29.4,M,汉,6439,4,,FATHER,FRIENDS,1,86.742,山东省,CONSUME,,12,ANDROID,,山东省临沂市河东区九曲街道温泉路辅路,0
10000,,大连市,孙晓光个人工作室,Z,90,APP,3,42.6,M,汉,3677,2,,PARENTS,COLLEAGUE,2,70,辽宁省,CONSUME,,12,ANDROID,,辽宁省大连市甘井子区大连湾街道,0
10000,,沈阳市,郑宪个人工作室,Z,90,APP,2,32.9,F,汉,7138,4,,MATE,FRIENDS,1,70,辽宁省,CONSUME,,12,ANDROID,,辽宁省沈阳市苏家屯区永乐街道,0
10000,105,萍乡市,简朴寨鱼村餐饮管理有限公司,I,54,APP,3,36.3,M,汉,4352,2,,MATE,FRIENDS,1,70,江西省,CONSUME,,12,ANDROID,false,江西省萍乡市湘东区老关镇,0
10000,,重庆市,重庆市永川区王林强厨具厂,Z,90,APP,2,46.1,M,汉,7272,3,,PARENTS,CHILDREN,3,70,重庆市,CONSUME,,12,ANDROID,,重庆市江北区五里店街道鲤鱼池路,0
10000,103,徐州市,昆山安费诺正日电子有限公司,G,13,APP,2,35.6,M,汉,150,2,,FATHER,MOTHER,2,70,江苏省,CONSUME,,12,ANDROID,false,上海市嘉定区外冈镇X201(沿沪大道),0
10000,105,泉州市,朱小婷个人工作室,Z,90,APP,2,34.1,F,汉,4769,4,,MOTHER,SIBLING,1,72.989,福建省,CONSUME,,12,ANDROID,false,福建省泉州市惠安县洛阳镇康怡街,0
10000,,内江市,上海柏飞电子科技有限公司,Z,90,APP,4,35.9,M,汉,3871,4,,FATHER,MATE,1,70,四川省,CONSUME,,12,ANDROID,false,四川省成都市武侯区桂溪街道世纪城南路,0
10000,102,沧州市,史丹利家具,Z,90,APP,2,38.7,M,汉,4016,2,,PARENTS,FRIENDS,1,70,河北省,CONSUME,,12,ANDROID,,河北省沧州市任丘市西环路街道和谐路,0
10000,102,无锡市,徐舍虹新路电信营业厅,G,13,XCX,3,32.1,F,汉,6791,4,,MATE,SIBLING,1,86.286,江苏省,CONSUME,,12,ANDROID,,江苏省无锡市宜兴市宜城街道,0
10000,,河池市,鹏宇批发零售店,Z,90,APP,3,53.4,F,汉,1510,3,,MATE,CHILDREN,1,70,广西壮族自治区,CONSUME,,12,ANDROID,false,广西壮族自治区河池市南丹县城关镇何西路,0
10000,,岳阳市,广东远顺建设有限公司,Z,90,APP,4,30.9,M,汉,5833,2,,MOTHER,FRIENDS,2,70,湖南省,CONSUME,,12,ANDROID,false,海南省三亚市吉阳区新天地路,0
10000,102,株洲市,百户宁医药公司,Z,90,XCX,3,48.3,F,汉,337,4,,FATHER,FATHER,1,70,湖南省,CONSUME,,12,ANDROID,,湖南省长沙市雨花区洞井街道雨河路,1
10000,307,日照市,日照博宏建材工程有限公司,E,24,APP,3,28.7,M,汉,6425,3,,FATHER,FRIENDS,1,94.76,山东省,CONSUME,,12,ANDROID,,澳门路氹填海区新城大马路,0
10000,,汕头市,马伟鑫个人工作室,Z,90,XCX,2,36.8,M,汉,5949,4,,PARENTS,MATE,1,83.28,广东省,CONSUME,,12,ANDROID,,广东省汕头市潮南区成田镇,1
10000,102,泰州市,扬子江药业集团,Z,90,XCX,2,31.6,M,汉,349,2,,PARENTS,FRIENDS,2,95.072,江苏省,CONSUME,,12,ANDROID,,江苏省泰州市高港区口岸街道港口东路,0
10000,103,宿州市,黄巨峰木渣加工销售,H,54,APP,2,29.0,M,汉,7079,3,,MATE,FATHER,1,88.262,安徽省,CONSUME,,12,ANDROID,,安徽省宿州市砀山县砀城镇G237(梁王路),0
10000,,绍兴市,诸暨市国燕灯具有限公司,Z,90,APP,2,52.6,M,汉,429,4,,MATE,CHILDREN,1,70,浙江省,CONSUME,,12,ANDROID,,浙江省绍兴市诸暨市店口镇,1
10000,104,哈尔滨市,美特科技有限公司,Z,90,APP,3,31.4,M,汉,5668,2,,FATHER,FRIENDS,2,85.187,黑龙江省,CONSUME,,12,IOS,,江苏省苏州市相城区澄阳街道如元路,1
10000,103,宿州市,一阳百货,H,54,APP,3,30.4,F,汉,5938,2,,FRIENDS,MOTHER,2,86.529,安徽省,CONSUME,,12,ANDROID,,安徽省宿州市埇桥区城东街道沱水路,0
10000,,淄博市,邵静个人工作室,Z,90,XCX,3,37.8,F,汉,3746,4,,PARENTS,FRIENDS,3,70,山东省,CONSUME,,12,ANDROID,,山东省淄博市高青县芦湖街道扳倒井路,0
10000,103,怀化市,福臻模具有限公司,Z,90,APP,2,27.3,M,苗,1169,2,,FATHER,FRIENDS,2,88.472,湖南省,CONSUME,,12,ANDROID,false,福建省宁德市蕉城区漳湾镇,0
10000,,永州市,东莞市毅莱塑胶有限公司,H,54,APP,2,32.4,M,瑶,1030,4,,FATHER,FRIENDS,1,70,湖南省,CONSUME,,12,ANDROID,false,广东省东莞市清溪镇松岗路95号,0
10000,102,鞍山市,辽宁福鞍国际贸易有限公司,C,24,APP,4,28.7,F,蒙古,6382,4,,MOTHER,FRIENDS,2,91.854,辽宁省,CONSUME,,12,ANDROID,,辽宁省鞍山市立山区千山街道,0
10000,104,深圳市,李玥个人工作室,Z,90,APP,4,28.7,F,汉,2053,3,,FATHER,FATHER,2,82.264,广东省,CONSUME,,12,ANDROID,false,湖南省郴州市北湖区郴江街道,0
10000,102,滁州市,美宅一生装饰工程有限公司,E,24,APP,3,35.6,M,汉,3852,4,,PARENTS,MATE,1,70,安徽省,CONSUME,,12,ANDROID,false,安徽省滁州市琅琊区西涧街道G328辅路,0
10000,102,武汉市,百事快递,F,17,XCX,3,36.4,M,汉,5949,2,,FRIENDS,FATHER,2,84.359,湖北省,CONSUME,,12,ANDROID,,湖北省武汉市江岸区一元街道中山大道1028号,0
10000,102,濮阳市,晟通宏拓机电设备科技有限公司,Z,90,APP,2,38.7,M,汉,6221,3,,MATE,SIBLING,1,82.884,河南省,CONSUME,,12,ANDROID,false,北京市通州区张家湾镇唐施路,0
10000,103,承德市,隆化县中医院,Q,11,APP,4,34.3,M,汉,6164,4,,MATE,SIBLING,1,92.66,河北省,CONSUME,,12,ANDROID,false,新疆维吾尔自治区塔城地区额敏县萨尔也木勒牧场团布段,1
10000,,陵水黎族自治县,陵水县鸿运,H,54,APP,2,43.3,F,汉,4352,4,,PARENTS,FRIENDS,1,70,海南省,CONSUME,,12,ANDROID,false,海南省陵水黎族自治县椰林镇兴胜路,0
10000,103,抚州市,福建省莆田市怡乐泉有限公司,Z,90,APP,2,31.1,F,汉,7260,4,,MATE,FRIENDS,1,89.24,江西省,CONSUME,,12,IOS,,广东省潮州市湘桥区城西街道吉怡路B幢3号,0
10000,,青岛市,青岛华盛百信建设工程有限公司,Z,90,APP,4,40.1,M,汉,4362,4,,MATE,FRIENDS,1,100.0,山东省,CONSUME,,12,ANDROID,false,山东省青岛市城阳区夏庄街道书云东路,1
10000,301,衡阳市,仁和医院,Q,11,APP,2,30.3,F,汉,318,2,,FRIENDS,MATE,1,70,湖南省,CONSUME,,12,ANDROID,false,湖南省株洲市荷塘区金山街道东环路,0
10000,105,重庆市,重庆易和医院,Q,11,XCX,4,41.8,M,汉,4439,3,,FRIENDS,MOTHER,1,89.054,重庆市,CONSUME,,12,ANDROID,,四川省绵阳市涪城区塘汛街道绵州大道北段辅路,0
10000,,伊春市,王玉忠个人工作室,Z,90,APP,3,48.9,M,汉,859,3,,PARENTS,FRIENDS,2,70,黑龙江省,CONSUME,,12,ANDROID,false,山东省青岛市平度市白沙河街道平古路,1
10000,103,盐城市,盐城禾望电气有限公司,G,13,APP,2,42.1,F,汉,4175,4,,MATE,CHILDREN,1,70,江苏省,CONSUME,,12,ANDROID,,江苏省盐城市亭湖区新河街道巨德路,1
10000,102,南充市,李英个人工作室,Z,90,XCX,3,46.7,F,汉,1562,2,,PARENTS,FRIENDS,2,70,四川省,CONSUME,,12,ANDROID,,四川省南充市西充县南台街道G212(环城大道三段),0
10000,,巴中市,李辉个人工作室,Z,90,XCX,2,49.8,M,汉,5405,3,,MATE,CHILDREN,1,70,四川省,CONSUME,,12,ANDROID,,四川省巴中市南江县红光镇,0
10000,103,赣州市,宁都有旗物流有限公司,F,17,APP,2,40.3,M,汉,3718,3,,PARENTS,SIBLING,1,70,江西省,CONSUME,,12,ANDROID,false,福建省泉州市丰泽区北峰街道,1
10000,,盐城市,荣庆石油机械,Z,90,XCX,2,36.0,M,汉,5220,3,,MOTHER,FRIENDS,1,70,江苏省,CONSUME,,12,ANDROID,,江苏省盐城市建湖县近湖街道湖中南路101号,1
10000,,广安市,和喜安筑,Z,90,XCX,3,46.0,M,汉,5552,4,,PARENTS,SIBLING,2,95.51,四川省,CONSUME,,12,ANDROID,,四川省广安市武胜县飞龙镇,0
10000,102,上饶市,晓羊图图羊奶粉店,Z,90,XCX,2,36.6,F,汉,4179,3,,MOTHER,FRIENDS,1,89.696,江西省,CONSUME,,12,ANDROID,,江西省上饶市玉山县冰溪街道S515(津门路),0
10000,103,郑州市,郑州比克新能源有限公司,M,11,XCX,2,37.6,M,汉,4472,2,,PARENTS,FRIENDS,1,70,河南省,CONSUME,,12,ANDROID,false,河南省郑州市中牟县青年路街道东关街,0
10000,,昭通市,锂威电子有限公司,Z,90,APP,2,27.4,M,汉,259,2,,PARENTS,COLLEAGUE,2,70,云南省,CONSUME,,12,ANDROID,,广东省惠州市博罗县园洲镇X216(博园路),0
10000,,渭南市,個個鮮連鎖水果超市,H,54,APP,3,33.4,M,汉,4976,2,,FATHER,MOTHER,2,70,陕西省,CONSUME,,12,ANDROID,,陕西省西安市新城区韩森寨街道万寿中路75-9号,0
10000,102,上海市,vivo,J,13,XCX,3,45.2,M,汉,4826,3,,SIBLING,FATHER,1,88.132,上海市,CONSUME,,12,IOS,,上海市宝山区大场镇南大路,0
10000,103,宜昌市,小酒馆农家乐,Z,90,XCX,4,46.2,M,汉,343,4,,MATE,FRIENDS,1,70,湖北省,CONSUME,,12,ANDROID,,湖北省宜昌市伍家岗区伍家乡同强路,0
10000,105,怀化市,诸暨市润和型钢,Z,90,XCX,2,35.1,M,汉,4167,4,,PARENTS,FRIENDS,1,70,湖南省,CONSUME,,12,ANDROID,,浙江省绍兴市诸暨市姚江镇直埠大桥,0
10000,105,菏泽市,中信国安化工有限公司,C,24,APP,3,27.5,M,汉,1540,2,,FATHER,RELATIVES,1,92.061,山东省,CONSUME,,12,ANDROID,false,山东省菏泽市东明县陆圈镇,0
10000,102,南昌市,南昌黄记煌甲戌餐厅,I,54,APP,3,40.9,F,汉,3603,3,,MATE,FRIENDS,3,70,江西省,CONSUME,,12,ANDROID,false,江西省南昌市南昌县富山乡桃新大道辅路,0
10000,103,南宁市,广西沃远投资有限公司,J,13,APP,3,40.7,F,壮,3725,2,,MOTHER,FRIENDS,2,70,广西壮族自治区,CONSUME,,12,ANDROID,false,广西壮族自治区南宁市江南区金凯街道银海大道西三里,0
10000,,湖州市,浙江索凡粘胶制品有限公司,C,24,XCX,2,38.0,M,汉,4066,4,,FATHER,MOTHER,1,70,浙江省,CONSUME,,12,ANDROID,,浙江省湖州市安吉县天子湖镇,1
10000,307,茂名市,深圳市平安保险代理有限公司,Z,90,XCX,3,35.4,F,汉,4361,2,,PARENTS,SIBLING,2,70,广东省,CONSUME,,12,ANDROID,false,广东省深圳市宝安区西乡街道G4(京港澳高速),0
10000,,天水市,鑫海岸洗浴,R,17,APP,2,36.0,F,汉,4332,2,,PARENTS,RELATIVES,1,70,甘肃省,CONSUME,,12,ANDROID,false,新疆维吾尔自治区塔城地区沙湾市柳毛湾镇,0
10000,102,湛江市,湛江市霞山区一片红办公家具店,H,54,APP,2,41.5,M,汉,3933,4,,SIBLING,MATE,1,70,广东省,CONSUME,,12,ANDROID,,广东省湛江市霞山区泉庄街道龙平北路,0
10000,103,襄阳市,湘锦阁投资有限公司,Z,90,XCX,2,36.0,M,汉,3764,2,,PARENTS,SIBLING,2,70,湖北省,CONSUME,,12,ANDROID,false,湖北省武汉市洪山区关山街道展翼路,1
10000,,石家庄市,高丽娜个人工作室,Z,90,APP,2,33.3,F,汉,6669,4,,MATE,OTHER,1,70,河北省,CONSUME,,12,ANDROID,,河北省石家庄市晋州市槐树镇,0
10000,,杭州市,杭州公众房产咨询有限公司,Z,90,APP,3,29.9,M,汉,1395,3,,PARENTS,COLLEAGUE,2,70,浙江省,CONSUME,,12,ANDROID,,浙江省杭州市萧山区南阳街道,0
10000,102,锦州市,竹清林制衣,Z,90,APP,3,54.7,F,汉,99999,3,,CHILDREN,FRIENDS,1,70,辽宁省,CONSUME,,12,ANDROID,,辽宁省锦州市凌河区龙江街道洛阳路5段-21号,0
10000,103,济宁市,青岛智和,H,54,APP,2,33.9,M,汉,5949,2,,PARENTS,MATE,1,70,山东省,CONSUME,,12,ANDROID,false,山东省济宁市泗水县星村镇,0
10000,,渭南市,白水牧源农牧有限公司,A,27,APP,2,44.5,F,汉,719,4,,PARENTS,FRIENDS,3,70,陕西省,CONSUME,,12,ANDROID,false,陕西省渭南市白水县西固镇,0
10000,105,无锡市,上海沃锐企业发展有限公司南京第二分公司,H,54,XCX,4,31.5,M,汉,6677,4,,PARENTS,MOTHER,2,70,江苏省,CONSUME,,12,ANDROID,,江苏省南京市浦口区沿江街道G328(宁六公路),0
10000,103,潮州市,养殖有限公司,A,27,APP,2,36.1,M,汉,3957,4,,MATE,FRIENDS,1,70,广东省,CONSUME,,12,ANDROID,false,广东省潮州市饶平县海山镇,0
10000,,泸州市,四川省叙永县永宁药,R,17,XCX,3,36.3,M,汉,4230,4,,PARENTS,FRIENDS,2,70,四川省,CONSUME,,12,ANDROID,,四川省泸州市叙永县叙永镇G321(广成线),0
10000,103,镇江市,南京明升酒店管理有限公司,Z,90,APP,3,40.1,M,汉,2728,2,,MOTHER,COLLEAGUE,1,70,江苏省,CONSUME,,12,ANDROID,,江苏省南京市江宁区麒麟街道天和路,0
10000,,重庆市,周刘银个人工作室,Z,90,APP,2,30.9,M,汉,1551,4,,PARENTS,MATE,1,70,重庆市,CONSUME,,12,ANDROID,,重庆市江津区石蟆镇S206,0
10000,,黔东南苗族侗族自治州,忠明家常菜馆,Z,90,APP,2,50.9,M,汉,3158,4,,CHILDREN,CHILDREN,1,70,贵州省,CONSUME,,12,ANDROID,,贵州省黔东南苗族侗族自治州施秉县城关镇,0
10000,103,白银市,乾欣源建材,E,24,APP,2,35.9,F,汉,4555,3,,PARENTS,FRIENDS,2,70,甘肃省,CONSUME,,12,ANDROID,false,甘肃省白银市会宁县郭城驿镇,0
10000,403,许昌市,宁波市巴比龙餐饮娱乐有限公司,Z,90,XCX,2,37.5,M,汉,5984,4,,MATE,FRIENDS,1,70,河南省,CONSUME,,12,ANDROID,,浙江省宁波市鄞州区百丈街道百丈南路69弄-17号,0
10000,105,重庆市,刘新乡个人工作室,Z,90,XCX,4,28.2,F,汉,2411,2,,MATE,FRIENDS,1,92.851,重庆市,CONSUME,,12,IOS,,重庆市云阳县青龙街道S103(钓鱼湾路),0
10000,102,哈密地区,中国德州亚太集团新疆办事处,Z,90,APP,2,31.4,M,汉,1366,2,,MATE,SIBLING,2,85.081,新疆维吾尔自治区,CONSUME,,12,ANDROID,false,新疆维吾尔自治区哈密市伊州区石油新城街道,0
10000,103,泉州市,私营业主,Z,90,APP,2,41.8,M,汉,4404,2,,MATE,COLLEAGUE,1,96.0,福建省,CONSUME,,12,ANDROID,,福建省泉州市安溪县金谷镇,1
10000,,洛阳市,仁宝电子,Z,90,APP,3,31.8,M,汉,5207,2,,MATE,SIBLING,1,95.417,河南省,CONSUME,,12,ANDROID,false,江苏省苏州市昆山市玉山镇衡山路21号,0
10000,103,盐城市,山东济南竖仁建筑工程有限公司,E,24,XCX,2,35.6,M,汉,4295,4,,MATE,FRIENDS,1,70,江苏省,CONSUME,,12,ANDROID,,江苏省盐城市东台市许河镇许苴中心路,1
10000,104,青岛市,亿盛创股份有限公司,Z,90,APP,2,36.3,M,汉,7046,4,,PARENTS,FRIENDS,2,84.208,山东省,CONSUME,,12,ANDROID,,山东省青岛市黄岛区泊里镇双星北路,0
10000,,苏州市,苏州泰盛建设工程管理有限公司,Z,90,APP,4,31.7,M,汉,6298,2,,MATE,SIBLING,1,70,江苏省,CONSUME,,12,ANDROID,false,江苏省苏州市太仓市浏河镇Y604(陆长线),1
10000,104,周口市,河南俊天企业管理咨询有限公司,L,17,APP,3,37.0,M,汉,5023,3,,MATE,FRIENDS,1,90.104,河南省,CONSUME,,12,ANDROID,false,河南省郑州市金水区祭城路街道心怡路,0
10000,102,延安市,十年羊蹄,R,17,XCX,2,36.6,M,汉,3469,4,,PARENTS,FRIENDS,1,70,陕西省,CONSUME,,12,ANDROID,,陕西省延安市宜川县丹州街道G22(和平沟大桥),0
10000,,张家港市,江苏雅达置业有限公司,Z,90,XCX,4,37.5,M,汉,3913,4,,MATE,COLLEAGUE,1,97.5,江苏省,CONSUME,,12,ANDROID,,江苏省苏州市昆山市张浦镇花苑路,0
10000,,德州市,王书才个人工作室,Z,90,APP,3,42.5,M,汉,3037,3,,PARENTS,COLLEAGUE,1,70,山东省,CONSUME,,12,ANDROID,false,河北省廊坊市三河市黄土庄镇G230,0
10000,105,三明市,福建耀明建设工程有限公司,E,24,APP,3,34.3,M,汉,4508,3,,PARENTS,RELATIVES,2,89.518,福建省,CONSUME,,12,ANDROID,,福建省三明市三元区列东街道新市北路,0
10000,105,澄迈县,中国人民财产保险公司,J,13,APP,3,44.6,F,汉,1294,2,,PARENTS,COLLEAGUE,1,90.62,海南省,CONSUME,,12,ANDROID,false,海南省白沙黎族自治县牙叉镇G361(桥南路),0
10000,,巴中市,东莞市华誉精密技术有效公司,G,13,APP,4,32.6,M,汉,6396,2,,FATHER,SIBLING,1,70,四川省,CONSUME,,12,ANDROID,,广东省东莞市凤岗镇凤岗立交,0
10000,,自贡市,保强服装批发,Z,90,APP,4,35.2,M,汉,4570,4,,MATE,FRIENDS,1,70,四川省,CONSUME,,12,ANDROID,,四川省泸州市江阳区北城街道兆和路,0
10000,102,承德市,宋亚军个人工作室,Z,90,APP,3,39.2,M,汉,3191,2,,PARENTS,FATHER,1,70,河北省,CONSUME,,12,ANDROID,false,北京市怀柔区雁栖(地区)镇雁栖河西路,0
10000,103,武汉市,武汉光迅科技股份有限公司,G,13,APP,4,31.3,M,汉,5516,4,,PARENTS,COLLEAGUE,2,90.87,湖北省,CONSUME,,12,ANDROID,false,湖北省武汉市东西湖区金银湖街道环湖路辅路,0
10000,102,黔南布依族苗族自治州,贵州万晋置业有限公司,K,17,APP,4,30.1,F,汉,6171,4,,FATHER,RELATIVES,2,77.66904,贵州省,CONSUME,,12,ANDROID,,贵州省黔南布依族苗族自治州龙里县冠山街道东环路,0
10000,,商丘市,王野公司,Z,90,XCX,2,41.3,M,汉,4520,2,,FATHER,FRIENDS,1,86.71,河南省,CONSUME,,12,ANDROID,false,浙江省金华市永康市石柱镇S218(黄杨线),0
10000,,临沧市,云县后箐乡卫生院,Z,90,APP,3,32.0,F,布朗,6348,2,,MATE,SIBLING,1,82.66,云南省,CONSUME,,12,ANDROID,false,云南省临沧市云县爱华镇草皮街,0
10000,,阜阳市,顺丰有限运输公司,F,17,APP,2,46.7,M,汉,167,2,,MOTHER,FRIENDS,1,70,安徽省,CONSUME,,12,ANDROID,,安徽省阜阳市颍东区插花镇插胡路,0
10000,,红河哈尼族彝族自治州,东升装饰,Z,90,APP,2,47.2,M,汉,4473,3,,MATE,FRIENDS,1,70,云南省,CONSUME,,12,ANDROID,,云南省红河哈尼族彝族自治州弥勒市竹园镇G80(竹园2号大桥),1
10000,307,台州市,浙江五芳斋实业有限公司,C,24,APP,2,48.8,M,汉,5278,2,,PARENTS,FRIENDS,3,70,浙江省,CONSUME,,12,ANDROID,false,浙江省嘉兴市南湖区城南街道中环西路126号,1
10000,,常州市,常州市天耀桶业有限公司,Z,90,APP,2,56.5,M,汉,99999,2,,PARENTS,FRIENDS,1,70,江苏省,CONSUME,,12,ANDROID,false,江苏省常州市钟楼区邹区镇岳杨路,0
10000,,石家庄市,恒辉物业服务集团有限公司,Z,90,APP,3,40.9,F,汉,3896,2,,MATE,SIBLING,1,70,河北省,CONSUME,,12,ANDROID,,河北省石家庄市桥西区振头街道振岗路27号,1
10000,403,遂宁市,黄建容个人工作室,Z,90,XCX,3,45.8,F,汉,4850,2,,PARENTS,FRIENDS,3,88.362,四川省,CONSUME,,12,ANDROID,,四川省成都市双流区万安街道G4216(蓉丽高速),0
10000,,荆州市,松滋市郧城餐馆,Z,90,XCX,3,32.3,M,汉,5131,3,,MATE,FATHER,1,70,湖北省,CONSUME,,12,ANDROID,,湖北省荆州市松滋市南海镇G351,0
10000,104,长治市,胜科水务有限公司,D,17,XCX,3,35.2,M,汉,4235,2,,PARENTS,SIBLING,1,70,山西省,CONSUME,,12,ANDROID,,河北省保定市雄县张岗乡,1
10000,,南阳市,郑州科技学院,Z,90,XCX,4,31.0,M,汉,6242,2,,MATE,FATHER,1,96.66,河南省,CONSUME,,12,ANDROID,,河南省郑州市荥阳市贾峪镇X021(马米路),0
10000,403,武汉市,诚信织带,H,54,APP,2,35.2,F,汉,6433,4,,PARENTS,FRIENDS,2,81.964,湖北省,CONSUME,,12,ANDROID,false,湖北省武汉市新洲区阳逻街道阳福大道,0
10000,104,邵阳市,杭州乐虎文化科技有限公司,C,24,XCX,2,36.3,M,汉,7006,2,,PARENTS,FRIENDS,2,70,湖南省,CONSUME,,12,ANDROID,,上海市闵行区浦江镇X005(陈行公路),0
10000,,泰安市,山东热键科技有限公司,Z,90,APP,3,48.0,F,汉,855,2,,MATE,SIBLING,1,70,山东省,CONSUME,,12,ANDROID,false,山东省泰安市泰山区上高街道双龙路,1
10000,102,牡丹江市,北京理工大学珠海学院,P,13,APP,4,32.6,M,汉,7187,2,,FATHER,FRIENDS,2,88.43,黑龙江省,CONSUME,,12,ANDROID,false,广东省珠海市香洲区唐家湾镇金业北路,0
10000,,安庆市,仇霖康个人工作室,Z,90,APP,3,27.3,M,汉,181,2,,MOTHER,FRIENDS,2,84.899,安徽省,CONSUME,,12,ANDROID,false,安徽省安庆市太湖县经济开发区五羊路,0
10000,,渭南市,国家电网陕西省大荔县花城路27号,Z,90,XCX,2,55.7,M,汉,99999,2,,MATE,FRIENDS,1,70,陕西省,CONSUME,,12,ANDROID,,陕西省渭南市大荔县许庄镇,0
10000,105,承德市,私营业主,Z,90,APP,2,38.4,M,满,5285,3,,MATE,FRIENDS,1,93.0,河北省,CONSUME,,12,ANDROID,false,河北省承德市双桥区大石庙镇红石路,1
10000,,宿迁市,孙军个人工作室,Z,90,APP,2,47.4,M,汉,521,2,,PARENTS,FRIENDS,3,70,江苏省,CONSUME,,12,ANDROID,,江苏省宿迁市宿城区洋北街道洋洋线,0
10000,104,苏州市,苏州通力机电设备有限公司,C,24,APP,3,38.8,M,汉,4331,2,,PARENTS,RELATIVES,2,93.073,江苏省,CONSUME,,12,ANDROID,false,江苏省苏州市相城区黄桥街道东金峰巷,0
10000,102,怀化市,锦江龙城幼儿园,P,13,XCX,3,40.9,F,苗,4400,3,,MOTHER,SIBLING,1,70,湖南省,CONSUME,,12,ANDROID,,湖南省怀化市麻阳苗族自治县高村镇,0
10000,102,衢州市,浙江合屹建设,E,24,APP,3,35.7,M,汉,5675,2,,MATE,SIBLING,1,86.741,浙江省,CONSUME,,12,ANDROID,false,浙江省衢州市柯城区荷花街道荷四路231号,1
10000,,武汉市,李勇个人工作室,Z,90,XCX,2,46.3,M,汉,2848,4,,MATE,FATHER,2,70,湖北省,CONSUME,,12,ANDROID,,湖北省武汉市新洲区旧街街道,0
10000,103,湛江市,珠海市香洲区曹四梅海鲜档,I,54,XCX,3,37.4,M,汉,3988,4,,MATE,SIBLING,1,90.278,广东省,CONSUME,,12,ANDROID,,广东省湛江市廉江市车板镇X673,0
10000,102,抚州市,个体经营,Z,90,XCX,4,29.9,M,汉,1042,3,,PARENTS,FRIENDS,2,70,江西省,CONSUME,,12,ANDROID,,江西省抚州市临川区钟岭街道仙溪路,1
10000,,商洛市,西安市未央区草滩邮政仓储中心,F,17,XCX,4,34.3,M,汉,5037,2,,SIBLING,MOTHER,3,70,陕西省,CONSUME,,12,ANDROID,,陕西省西安市未央区建章路街道G70(六村堡立交),0
10000,105,衡阳市,腾毅装饰,E,24,APP,2,43.4,M,汉,3935,4,,MATE,RELATIVES,1,70,湖南省,CONSUME,,12,ANDROID,false,湖南省衡阳市耒阳市五里牌街道G356(迎宾大道),0
10000,105,阿坝藏族羌族自治州,交警车管所,Z,90,APP,4,32.4,M,藏,687,2,,PARENTS,FRIENDS,2,70,四川省,CONSUME,,12,ANDROID,false,四川省阿坝藏族羌族自治州汶川县威州镇S9(都汶高速),0
10000,103,常州市,奈久女装,H,54,XCX,4,30.9,F,汉,1790,4,,MATE,SIBLING,1,79.09608,江苏省,CONSUME,,12,ANDROID,,江苏省常州市溧阳市溧城街道罗湾路,1
10000,102,七台河市,七煤集团热电厂,D,17,XCX,4,43.0,M,回,6059,4,,MATE,FRIENDS,1,84.70432,黑龙江省,CONSUME,,12,ANDROID,,黑龙江省七台河市茄子河区新富街道人才街,1
10000,,保定市,保定多杰保安服务有限公司,Z,90,APP,4,38.5,M,汉,6291,4,,PARENTS,FRIENDS,2,70,河北省,CONSUME,,12,ANDROID,,河北省保定市竞秀区颉庄乡西堤路,0
10000,103,潜江市,重庆渝黔天然气有限公司,D,17,APP,3,28.2,M,汉,6550,4,,PARENTS,FRIENDS,2,80.419,湖北省,CONSUME,,12,ANDROID,,重庆市南岸区海棠溪街道,0
10000,105,柳州市,柳州市河西外国语幼儿园,Z,90,APP,2,48.8,F,汉,2301,2,,MATE,SIBLING,1,70,广西壮族自治区,CONSUME,,12,ANDROID,false,广西壮族自治区柳州市柳北区雅儒街道西堤路,0
10000,,西安市,个体工商户,H,54,APP,2,41.2,M,汉,4307,3,,PARENTS,FRIENDS,1,70,陕西省,CONSUME,,12,ANDROID,,陕西省西安市灞桥区席王街道金水路,0
10000,,巴中市,陈立杨个人工作室,Z,90,APP,2,41.2,M,汉,4981,3,,PARENTS,FRIENDS,1,70,四川省,CONSUME,,12,ANDROID,false,上海市闵行区颛桥镇老沪闵路2560号,0
10000,403,阳江市,恒隆金湖湾幼儿园,Z,90,XCX,3,29.6,F,汉,6042,4,,PARENTS,RELATIVES,3,70,广东省,CONSUME,,12,ANDROID,,广东省阳江市阳西县织篢镇御景路,0
10000,,重庆市,个体工商户,Z,90,APP,3,50.8,M,汉,3478,3,,PARENTS,FRIENDS,2,70,重庆市,CONSUME,,12,ANDROID,,重庆市江北区五里店街道鲤鱼池路,1
10000,105,哈尔滨市,黑龙江神奇文化传播有限公司,R,17,APP,3,40.6,M,汉,5185,3,,MATE,RELATIVES,1,70,黑龙江省,CONSUME,,12,ANDROID,false,黑龙江省哈尔滨市松北区松浦街道热源路,0
10000,,安顺市,贵州厚合文化传媒公司,R,17,XCX,3,53.9,F,汉,839,4,,MATE,FRIENDS,1,70,贵州省,CONSUME,,12,ANDROID,,贵州省遵义市播州区桂花桥街道澜湖路,1
10000,104,台州市,恩喜整形医院,Z,90,XCX,2,33.5,M,汉,6672,2,,PARENTS,FRIENDS,1,70,浙江省,CONSUME,,12,ANDROID,,浙江省温州市瓯海区娄桥街道商汇路,0
10000,,阜阳市,浴光灯饰卫浴店,Z,90,APP,4,34.6,F,汉,6510,4,,PARENTS,FRIENDS,1,70,安徽省,CONSUME,,12,ANDROID,false,安徽省阜阳市阜南县鹿城镇环城北路,0
10000,103,周口市,吴志国个人工作室,Z,90,XCX,2,39.6,M,汉,6145,4,,MATE,SIBLING,1,70,河南省,CONSUME,,12,ANDROID,,新疆维吾尔自治区克拉玛依市克拉玛依区银河路街道友谊路,1
10000,304,晋中市,个体公司,Z,90,APP,3,31.4,F,汉,5497,4,,PARENTS,FRIENDS,2,94.0,山西省,CONSUME,,12,ANDROID,false,江苏省常州市新北区罗溪镇G42(沪蓉高速),1
10000,,汕头市,林泽璇个人工作室,A,27,APP,2,35.9,F,汉,4152,2,,PARENTS,RELATIVES,3,70,广东省,CONSUME,,12,ANDROID,,广东省广州市花都区花城街道紫薇路26-17,0
10000,,宜宾市,李廷梅个人工作室,Z,90,APP,2,30.0,F,汉,399,2,,PARENTS,FRIENDS,1,70,四川省,CONSUME,,12,ANDROID,false,江西省宜春市上高县敖阳街道敖阳南路18号,0
10000,102,自贡市,自贡市康芝林大药房,H,54,APP,3,44.6,F,汉,5041,3,,MATE,FRIENDS,1,89.316,四川省,CONSUME,,12,ANDROID,,四川省自贡市自流井区高峰街道龙汇路,0
10000,,菏泽市,张付军个人工作室,Z,90,APP,2,34.2,M,汉,219,4,,PARENTS,RELATIVES,1,70,山东省,CONSUME,,12,ANDROID,,山东省菏泽市牡丹区丹阳街道八一路,0
10000,105,亳州市,广告公司,R,17,XCX,2,36.2,M,汉,4067,2,,PARENTS,FRIENDS,1,70,安徽省,CONSUME,,12,ANDROID,,安徽省亳州市涡阳县城关街道幸福东路,0
10000,309,西安市,任强个人工作室,Z,90,APP,3,45.8,M,汉,5423,4,,FATHER,FRIENDS,1,70,陕西省,CONSUME,,12,ANDROID,false,陕西省西安市莲湖区桃园路街道南二环辅路,1
10000,,眉山市,金祥陶瓷有限公司,Z,90,APP,4,43.2,F,汉,4281,2,,PARENTS,RELATIVES,1,70,四川省,CONSUME,,12,ANDROID,false,四川省乐山市夹江县新场镇一号线,0
10000,103,柳州市,巨匠机械有限公司,Z,90,XCX,2,33.2,M,汉,911,3,,MATE,COLLEAGUE,1,70,广西壮族自治区,CONSUME,,12,ANDROID,false,广东省深圳市龙华区福城街道福前路185,0
10000,105,揭阳市,依尚布业,H,54,XCX,2,30.7,M,汉,6451,4,,PARENTS,FRIENDS,1,70,广东省,CONSUME,,12,ANDROID,,广东省广州市海珠区江海街道敦和路104号,0
10000,102,开封市,霍岩岩个人工作室,Z,90,APP,2,43.4,F,汉,5544,2,,FATHER,FRIENDS,1,91.11,河南省,CONSUME,,12,ANDROID,false,河南省郑州市金水区祭城路街道金水东路辅路,0
10000,102,成都市,成都市郫都区宜升木器加工厂,C,24,APP,3,37.7,M,汉,4422,4,,PARENTS,FRIENDS,1,70,四川省,CONSUME,,12,ANDROID,false,四川省成都市郫都区团结街道,0
10000,104,常州市,常州菲凡网络科技有限公司,G,13,XCX,3,34.7,F,汉,5233,4,,FRIENDS,MATE,1,70,江苏省,CONSUME,,12,ANDROID,,江苏省常州市武进区湖塘镇花园街,1
10000,,连云港市,连云港赣榆国宇塑业有限公司,Z,90,APP,2,47.3,M,汉,706,4,,SIBLING,MOTHER,1,70,江苏省,CONSUME,,12,ANDROID,,江苏省连云港市赣榆区黑林镇,0
10000,103,天津市,格林美装饰,E,24,APP,2,43.0,M,汉,3454,3,,MATE,COLLEAGUE,1,90.0,天津市,CONSUME,,12,ANDROID,false,天津市静海区陈官屯镇X626,0
10000,103,昆明市,云南浩铭文化传播有限公司,R,17,APP,4,30.2,M,汉,1883,4,,PARENTS,FRIENDS,1,89.003,云南省,CONSUME,,12,ANDROID,false,云南省昆明市安宁市连然街道石安公路辅路,0
10000,103,清远市,深圳长旺建材有限公司,E,24,XCX,3,31.0,F,汉,5788,4,,MATE,FATHER,1,88.413,广东省,CONSUME,,12,ANDROID,,广东省深圳市罗湖区翠竹街道水库新村二街,0
10000,103,湘潭市,广东鸿邦建设投资有限公司,E,24,APP,3,34.8,M,汉,5740,4,,PARENTS,RELATIVES,1,70,湖南省,CONSUME,,12,ANDROID,false,广东省江门市江海区外海街道临江路,1
10000,,淮南市,饿了么公司,Z,90,APP,2,29.9,M,汉,141,2,,FATHER,FRIENDS,2,70,安徽省,CONSUME,,12,ANDROID,,上海市松江区九亭镇沪亭南路520号,0
10000,309,宜春市,名源皇宫美容圣会所,Z,90,APP,3,39.1,F,汉,4715,2,,PARENTS,SIBLING,2,70,江西省,CONSUME,,12,ANDROID,false,江西省宜春市袁州区下浦街道厚田路,0
10000,,绍兴市,阿彩副食品店,Z,90,APP,2,56.1,F,汉,99999,3,,MATE,FRIENDS,1,70,浙江省,CONSUME,,12,ANDROID,,浙江省绍兴市上虞区丰惠镇东郊南岸路,0
10000,105,连城县,宜昌市西陵区健宁药房,H,54,APP,3,35.6,M,汉,4655,2,,MATE,RELATIVES,1,70,福建省,CONSUME,,12,ANDROID,false,湖北省宜昌市伍家岗区伍家乡东山大道,0
10000,,长春市,鱼潇水族店,Z,90,APP,4,40.4,F,汉,4309,2,,MOTHER,MATE,1,70,吉林省,CONSUME,,12,ANDROID,,吉林省辽源市龙山区寿山镇,0
10000,308,太原市,山西金凯迪土地资源咨询服务有限公司,L,17,APP,4,42.9,M,汉,3974,3,,FRIENDS,PARENTS,1,77.437,山西省,CONSUME,,12,ANDROID,false,山西省太原市杏花岭区杨家峪街道敦化化工路,0
10000,102,绍兴市,施文娣个人工作室,Z,90,APP,3,33.9,F,汉,4460,3,,PARENTS,MATE,2,70,浙江省,CONSUME,,12,ANDROID,false,浙江省绍兴市越城区马山街道育贤路,1
10000,309,潮州市,雪京冷柜,H,54,XCX,2,40.0,M,汉,3773,4,,PARENTS,FRIENDS,1,70,广东省,CONSUME,,12,ANDROID,,广东省潮州市潮安区东凤镇,0
10000,102,七台河市,邓亚东个人工作室,Z,90,APP,2,47.2,M,汉,355,2,,PARENTS,COLLEAGUE,3,70,黑龙江省,CONSUME,,12,ANDROID,false,黑龙江省七台河市桃山区万宝河镇西环北路,0
10000,102,武汉市,赵大雄个人工作室,Z,90,APP,2,39.7,M,汉,5080,3,,MATE,FRIENDS,1,87.705,湖北省,CONSUME,,12,ANDROID,,湖北省武汉市洪山区张家湾街道楚祥大道,0
10000,102,河源市,几里舍青年公寓,Z,90,APP,2,27.5,F,汉,7312,2,,FRIENDS,MATE,2,86.102,广东省,CONSUME,,12,ANDROID,,广东省深圳市罗湖区黄贝街道北斗路16号,1
10000,103,阜阳市,马菊个人工作室,Z,90,APP,2,36.5,M,汉,6124,4,,PARENTS,SIBLING,1,70,安徽省,CONSUME,,12,ANDROID,false,江苏省苏州市吴江区同里镇沿港路,0
10000,103,宣城市,张维芬个人工作室,Z,90,XCX,2,40.8,F,汉,3444,3,,FATHER,FATHER,2,70,安徽省,CONSUME,,12,ANDROID,,湖南省长沙市长沙县星沙街道东七路,0
10000,103,晋中市,平遥县人民医院,Z,90,APP,4,32.5,F,汉,6486,4,,MATE,PARENTS,1,70,山西省,CONSUME,,12,ANDROID,false,山西省晋中市平遥县古陶镇郑孝燮路,0
10000,104,东莞市,东莞市骏飞实业有限公司,C,24,XCX,4,30.1,M,汉,2123,2,,FATHER,FATHER,2,82.911,广东省,CONSUME,,12,IOS,,广东省东莞市东城街道横坑横西七路,0
10000,,无锡市,无锡市双华建设工程有限公司,Z,90,APP,3,56.9,M,汉,330,4,,PARENTS,FRIENDS,1,70,江苏省,CONSUME,,12,ANDROID,,江苏省无锡市梁溪区黄巷街道广益路,1
10000,403,内江市,成都恩德建筑工程有限公司,Z,90,XCX,3,37.2,M,汉,3449,2,,PARENTS,FATHER,1,70,四川省,CONSUME,,12,ANDROID,,四川省雅安市石棉县王岗坪彝族藏族乡泸石高速,0
10000,,福州市,闽航五金商行,Z,90,APP,2,51.6,M,汉,862,4,,PARENTS,FRIENDS,1,70,福建省,CONSUME,,12,ANDROID,,安徽省蚌埠市龙子湖区解放街道凤阳东路210号,0
10000,,德令哈市,09778216692,D,17,XCX,4,35.8,M,汉,5305,4,,PARENTS,COLLEAGUE,1,70,青海省,CONSUME,,12,ANDROID,,青海省海西蒙古族藏族自治州德令哈市河西街道祁连路,0
10000,,长春市,初车北京商贸有限公司,H,54,APP,4,44.1,M,汉,3253,4,,PARENTS,COLLEAGUE,3,70,吉林省,CONSUME,,12,ANDROID,,北京市朝阳区八里庄街道建国路77,0
10000,105,南京市,江苏基音科技有限公司,G,13,APP,4,44.1,F,汉,5298,4,,MATE,FATHER,1,92.176,江苏省,CONSUME,,12,ANDROID,,江苏省南京市秦淮区夫子庙街道金陵西路83-1号,0
10000,,齐齐哈尔市,北京链家房地产有限公司,Z,90,APP,3,34.6,M,鄂温克,267,4,,PARENTS,FRIENDS,1,70,黑龙江省,CONSUME,,12,ANDROID,,北京市朝阳区八里庄街道西大望路北5号,0
10000,,铜陵市,安徽票多多供应链管理有限公司,Z,90,XCX,3,50.6,M,汉,99999,4,,MOTHER,FRIENDS,3,70,安徽省,CONSUME,,12,ANDROID,,安徽省铜陵市铜官区新城街道西湖二路辅路,0
10000,103,中卫市,农业养殖基地,Z,90,XCX,3,43.0,F,回,2462,2,,PARENTS,COLLEAGUE,1,70,宁夏回族自治区,CONSUME,,12,ANDROID,,宁夏回族自治区中卫市海原县高崖乡G70(福银高速),0
10000,105,自贡市,淘乐贝贝,H,54,APP,3,36.4,M,汉,4173,3,,MATE,SIBLING,1,70,四川省,CONSUME,,12,ANDROID,false,四川省自贡市沿滩区卫坪街道板南大道,1
10000,105,佛山市,佛山聚能模具有限公司,C,24,APP,4,34.9,M,汉,4138,4,,FATHER,SIBLING,1,70,广东省,CONSUME,,12,ANDROID,false,广东省中山市南头镇S20(广中江高速),0
10000,,资阳市,童生和个人工作室,Z,90,APP,3,52.1,M,汉,697,4,,PARENTS,RELATIVES,1,70,四川省,CONSUME,,12,ANDROID,,广东省深圳市宝安区新安街道大宝路15号,0
10000,,阳泉市,山西省阳泉市华云新科防雷中心,Z,90,XCX,4,52.2,M,汉,4299,3,,MATE,RELATIVES,1,79.521,山西省,CONSUME,,12,ANDROID,,山西省阳泉市城区上站街道新华东街,0
10000,102,阜阳市,萧山汽车贴膜中心,C,24,XCX,2,31.6,M,汉,1546,4,,PARENTS,FRIENDS,1,70,安徽省,CONSUME,,12,ANDROID,,浙江省杭州市萧山区新塘街道东瑞四路,0
10000,103,玉林市,鲁小萍个人工作室,Z,90,APP,2,38.8,F,汉,7096,2,,MATE,FRIENDS,1,89.876,广西壮族自治区,CONSUME,,12,ANDROID,false,广西壮族自治区玉林市兴业县山心镇,0
10000,104,重庆市,苗苗口腔,Z,90,XCX,2,30.6,M,汉,5740,2,,MATE,FRIENDS,1,94.611,重庆市,CONSUME,,12,IOS,,重庆市大渡口区春晖路街道六厂路,1
10000,105,盐城市,建筑公司,E,24,XCX,2,54.7,M,汉,264,3,,MATE,FRIENDS,1,70,江苏省,CONSUME,,12,ANDROID,,江苏省盐城市阜宁县阜城街道东风北路77号,0
10000,,临沂市,张金诚个人工作室,Z,90,APP,3,27.4,M,汉,7228,2,,PARENTS,RELATIVES,2,70,山东省,CONSUME,,12,ANDROID,,山东省临沂市沂水县沂城街道G233(长江路),0
10000,104,赤峰市,星瑞禾科技生物有限公司,G,13,XCX,2,34.0,M,汉,4730,4,,PARENTS,FRIENDS,2,95.072,内蒙古自治区,CONSUME,,12,ANDROID,,内蒙古自治区赤峰市松山区上官地镇,0
10000,403,齐齐哈尔市,讷河和一协医院,Z,90,XCX,3,30.9,M,汉,313,4,,MATE,FRIENDS,1,83.835,黑龙江省,CONSUME,,12,ANDROID,,黑龙江省齐齐哈尔市讷河市通江街道G4512(双嫩高速),0
10000,,龙泉市,贝比童装店,H,54,XCX,2,34.9,F,汉,6521,3,,CHILDREN,FRIENDS,3,70,浙江省,CONSUME,,12,ANDROID,,浙江省丽水市龙泉市查田镇S54(溪下线),0
10000,,林芝市,肯发有限公司,Z,90,XCX,2,33.1,M,汉,4789,3,,PARENTS,SIBLING,2,70,西藏自治区,CONSUME,,12,ANDROID,,四川省乐山市沙湾区嘉农镇乐沙城际生态大道,0
10000,102,开封市,郑州市富铂水处理设备科技有限公司,Z,90,APP,2,36.6,M,汉,3451,4,,SIBLING,FATHER,2,70,河南省,CONSUME,,12,ANDROID,false,河南省开封市龙亭区开封经济开发区郑开大道,0
10000,,内江市,靓发饰界有限公司,H,54,APP,2,48.7,M,汉,862,3,,MATE,SIBLING,1,70,四川省,CONSUME,,12,ANDROID,false,四川省内江市东兴区东兴街道光华大道南辅路,0
10000,,淄博市,张店区佳芃美容养生店,Z,90,APP,2,35.8,F,汉,7020,3,,FATHER,MATE,1,70,山东省,CONSUME,,12,ANDROID,false,山东省淄博市张店区体育场街道S294(金晶大道),1
10000,104,新余市,新余恒大雅苑,Z,90,APP,3,29.3,M,汉,263,3,,FRIENDS,MATE,1,70,江西省,CONSUME,,12,ANDROID,,江西省新余市渝水区城南街道老东街275号,0
10000,103,陇南市,两当县供电公司,D,17,APP,3,44.4,M,汉,855,2,,SIBLING,MATE,1,70,甘肃省,CONSUME,,12,ANDROID,false,甘肃省陇南市两当县杨店镇,0
10000,,荆州市,中国石化销售有限公司,Z,90,XCX,2,47.5,M,汉,264,2,,MATE,FRIENDS,1,98.33,湖北省,CONSUME,,12,ANDROID,,湖北省荆州市洪湖市新堤街道希望东路,0
10000,,金华市,金华市烟草局,Z,90,APP,4,32.3,M,汉,303,4,,PARENTS,FRIENDS,1,70,浙江省,CONSUME,,12,ANDROID,false,浙江省金华市武义县白洋街道明招路,0
10000,103,深圳市,深圳市龙岗区坪地中学,P,13,XCX,4,40.9,M,汉,5297,4,,FATHER,MOTHER,1,75.138,广东省,CONSUME,,12,ANDROID,,广东省深圳市龙岗区坪地街道人民南路,0
10000,,青岛市,尚玉杰个人工作室,Z,90,APP,3,53.9,M,汉,197,2,,FATHER,COLLEAGUE,2,78.792,山东省,CONSUME,,12,ANDROID,false,山东省青岛市平度市白沙河街道荣泰路,0
10000,103,娄底市,李理个人工作室,Z,90,XCX,3,43.6,F,汉,4589,4,,MATE,FATHER,1,70,湖南省,CONSUME,,12,ANDROID,false,湖南省娄底市涟源市桥头河镇,0
10000,105,西安市,西安市雁塔区雁红五金水暖经营部,H,54,XCX,3,33.7,F,汉,5037,4,,PARENTS,RELATIVES,1,70,陕西省,CONSUME,,12,ANDROID,,陕西省西安市雁塔区长延堡街道昌明路,0
10000,105,驻马店市,美团外卖,Z,90,APP,2,37.8,M,汉,4835,2,,MATE,SIBLING,1,70,河南省,CONSUME,,12,ANDROID,false,河南省驻马店市泌阳县象河乡S49(许广高速),0
10000,,泉州市,南京帝兴混凝土,Z,90,APP,2,35.4,M,汉,4153,2,,PARENTS,PARENTS,1,70,福建省,CONSUME,,12,ANDROID,,福建省泉州市南安市罗东镇,0
10000,,徐州市,杭州同花顺软件股份有限公司,Z,90,APP,4,38.1,M,汉,3602,3,,FATHER,FRIENDS,2,70,江苏省,CONSUME,,12,ANDROID,false,浙江省杭州市临安区青山湖街道滨河南路,0
10000,,资阳市,同安建设,Z,90,APP,2,38.2,M,汉,5848,2,,PARENTS,FRIENDS,1,70,四川省,CONSUME,,12,ANDROID,,浙江省嘉兴市桐乡市梧桐街道庆丰南路55号,0
10000,105,大理白族自治州大理市,大理市鼎盛渣土清运有限责任公司,E,24,APP,3,34.3,M,白,6033,2,,MATE,COLLEAGUE,2,70,云南省,CONSUME,,12,ANDROID,false,云南省大理白族自治州大理市湾桥镇湾桥线,0
10000,302,楚雄彝族自治州,深圳骨医联有限公司,Z,90,APP,4,37.6,M,彝,4509,2,,MATE,FRIENDS,1,91.629,云南省,CONSUME,,12,IOS,,云南省昆明市安宁市太平新城街道,0
10000,102,泉州市,万福石材机械有限公司,Z,90,XCX,2,37.4,M,汉,4893,4,,FATHER,RELATIVES,1,70,福建省,CONSUME,,12,ANDROID,,安徽省合肥市肥东县店埠镇G3(京台高速),0
10000,105,上海市,上海沪东造船油嘴油泵有限公司,Z,90,APP,2,41.8,M,汉,2811,2,,FRIENDS,MATE,1,70,上海市,CONSUME,,12,ANDROID,,江苏省苏州市昆山市玉山镇盛悦路,1
10000,309,北京市,北京市大兴区东方时尚驾校股份有限公司,Z,90,XCX,3,43.3,M,汉,2717,2,,MATE,FATHER,1,70,北京市,CONSUME,,12,ANDROID,false,北京市大兴区青云店镇Y104(垡泥路),0
10000,105,苏州市,苏州新区季钰明商行,Z,90,APP,2,52.8,M,汉,341,4,,PARENTS,RELATIVES,1,70,江苏省,CONSUME,,12,ANDROID,false,江苏省苏州市虎丘区枫桥街道枫运路,0
10000,102,晋城市,王东武个人工作室,Z,90,APP,3,44.1,M,汉,4225,2,,FATHER,FATHER,1,70,山西省,CONSUME,,12,ANDROID,false,山西省晋城市高平市寺庄镇贸易街,0
10000,102,肇庆市,龙的有限公司,Z,90,APP,2,33.9,M,汉,6448,2,,MATE,FRIENDS,1,70,广东省,CONSUME,,12,ANDROID,false,广东省肇庆市怀集县大岗镇Y675,0
10000,,曲靖市,云南省大琪市政工程有限公司,Z,90,APP,3,30.3,M,汉,5769,2,,MATE,FRIENDS,1,70,云南省,CONSUME,,12,ANDROID,false,云南省曲靖市宣威市宛水街道,0
10000,,漳州市,诏安县梅岭镇商业街阿勇牛肉面68号,Z,90,XCX,2,42.5,M,汉,3868,4,,PARENTS,COLLEAGUE,1,70,福建省,CONSUME,,12,ANDROID,,福建省漳州市诏安县梅岭镇,0
10000,307,铜仁市,沿河雪锋光伏发电有限公司,M,11,APP,2,38.3,M,土家,4872,2,,MATE,FRIENDS,1,93.0,贵州省,CONSUME,,12,ANDROID,false,广东省惠州市惠城区小金口街道G205(金龙大道),0
10000,,桂林市,乐达网络,R,17,APP,3,27.7,M,汉,187,2,,PARENTS,FRIENDS,2,87.928,广西壮族自治区,CONSUME,,12,ANDROID,false,福建省泉州市晋江市龙湖镇G1502(泉州环城高速),0
10000,,重庆市,上井精致日本料理,I,54,APP,2,36.1,M,汉,4638,2,,PARENTS,FRIENDS,2,70,重庆市,CONSUME,,12,ANDROID,,重庆市江北区华新街街道建新南路15号3-6室,0
10000,,六盘水市,康之家大药房,Z,90,APP,2,28.5,F,汉,1852,4,,MATE,FRIENDS,1,70,贵州省,CONSUME,,12,ANDROID,,广东省江门市鹤山市共和镇共和大道,0
10000,,南通市,许卫锋个人工作室,Z,90,APP,2,34.9,M,汉,6720,3,,PARENTS,RELATIVES,3,70,江苏省,CONSUME,,12,ANDROID,false,湖南省长沙市芙蓉区定王台街道西学巷22号,0
10000,,伊春市,白玉兰酒店,I,54,XCX,2,27.7,F,汉,1055,4,,FATHER,SIBLING,2,70,黑龙江省,CONSUME,,12,ANDROID,,江苏省苏州市姑苏区苏锦街道总官堂路,0
10000,,珠海市,珠海市贾古置业有限公司,Z,90,APP,4,29.0,M,汉,502,4,,PARENTS,RELATIVES,1,70,广东省,CONSUME,,12,ANDROID,,广东省珠海市斗门区白蕉镇金源路,1
10000,,萍乡市,漆毅鹏个人工作室,Z,90,APP,2,30.1,M,汉,854,2,,MOTHER,FRIENDS,2,70,江西省,CONSUME,,12,ANDROID,false,福建省泉州市丰泽区清源街道新华北路,0
10000,,平顶山市,洛阳新邦礼品中心,Z,90,APP,3,45.1,F,汉,3997,2,,MATE,RELATIVES,1,70,河南省,CONSUME,,12,ANDROID,,河南省洛阳市老城区邙山街道,0
10000,105,磐石市,磐石市八方优选商贸有限公司,H,54,XCX,3,36.6,M,汉,5486,3,,MATE,FRIENDS,1,83.147,吉林省,CONSUME,,12,ANDROID,,吉林省吉林市磐石市福安街道东外环路,0
10000,104,安庆市,绿城置换有限公司,Z,90,APP,3,34.6,M,汉,5701,3,,PARENTS,RELATIVES,2,94.317,安徽省,CONSUME,,12,ANDROID,false,江苏省扬州市广陵区沙头镇X305(施沙路),0
10000,105,汕尾市,惠州市万通鞋业有限公司,C,24,XCX,2,36.4,M,汉,5019,4,,PARENTS,FRIENDS,1,70,广东省,CONSUME,,12,ANDROID,,广东省汕尾市陆丰市甲西镇,1
10000,,娄底市,千林灯饰,H,54,XCX,2,27.8,M,汉,362,4,,PARENTS,SIBLING,1,70,湖南省,CONSUME,,12,ANDROID,,广东省广州市南沙区黄阁镇滨水大道,0
10000,,揭阳市,阿方砂锅粥,Z,90,APP,2,35.3,M,汉,6337,2,,MATE,FRIENDS,1,70,广东省,CONSUME,,12,ANDROID,false,新疆维吾尔自治区乌鲁木齐市水磨沟区新民路街道红山路北七巷,0
10000,403,渭南市,黄金佳有限责任公司,Z,90,APP,4,40.4,M,汉,2664,4,,PARENTS,FATHER,2,70,陕西省,CONSUME,,12,ANDROID,false,陕西省西安市莲湖区环城西路街道桃园北路,0
10000,,黄山市,黄山经济开发区联家日盛超市,Z,90,APP,3,44.7,M,汉,4015,4,,MATE,FRIENDS,1,100.0,安徽省,CONSUME,,12,ANDROID,false,安徽省黄山市歙县小川乡,0
10000,103,六盘水市,路朋个人工作室,H,54,APP,2,38.0,M,汉,4574,2,,MATE,FRIENDS,1,70,贵州省,CONSUME,,12,ANDROID,false,贵州省六盘水市盘州市亦资街道江源路,0
10000,309,阜阳市,深圳市源佳誉电镀厂,C,24,APP,3,45.2,M,汉,582,4,,MATE,FRIENDS,1,78.15548,安徽省,CONSUME,,12,ANDROID,false,安徽省合肥市庐阳区杏林街道涡阳路辅路,0
10000,,苏州市,江阴标榜汽车部件股份有限公司,Z,90,APP,2,38.7,M,汉,6452,2,,FATHER,FRIENDS,3,86.405,江苏省,CONSUME,,12,ANDROID,false,江苏省无锡市江阴市华士镇澄鹿路191号,0
10000,102,宜宾市,双流区毛氏燃面馆,Z,90,APP,2,37.0,M,汉,4952,3,,MATE,FATHER,1,70,四川省,CONSUME,,12,ANDROID,false,四川省成都市双流区西航港街道泰华路,0
10000,403,温州市,平阳县星鳌餐具消毒有限公司,C,24,XCX,3,38.7,M,汉,4133,2,,MATE,FRIENDS,1,93.0,浙江省,CONSUME,,12,IOS,,浙江省温州市平阳县昆阳镇,0
10000,103,昆明市,钟明菊个人工作室,Z,90,APP,2,36.2,F,彝,6100,4,,MATE,FATHER,1,70,云南省,CONSUME,,12,ANDROID,false,云南省昆明市东川区铜都街道利拉姑段,0
10000,103,泉州市,八分服装厂,C,24,APP,2,43.1,F,汉,4242,4,,PARENTS,COLLEAGUE,3,86.677,福建省,CONSUME,,12,ANDROID,,福建省泉州市惠安县涂寨镇S312(惠崇公路),1
10000,,宿州市,不在公司上班,Z,90,XCX,2,45.3,M,汉,1233,4,,MATE,SIBLING,1,70,安徽省,CONSUME,,12,ANDROID,,安徽省宿州市灵璧县下楼镇,0
10000,,茂名市,兴武记废弃金属治理部,C,24,APP,2,35.3,M,汉,5089,4,,PARENTS,COLLEAGUE,1,70,广东省,CONSUME,,12,ANDROID,false,广东省茂名市高州市金山街道,0
10000,103,阳江市,茶加倍奶茶店,I,54,APP,2,30.1,F,汉,392,3,,PARENTS,COLLEAGUE,1,70,广东省,CONSUME,,12,ANDROID,false,广东省阳江市阳西县溪头镇,0
10000,102,萍乡市,江西茶香武功餐饮有限公司,I,54,APP,2,46.2,M,汉,396,4,,PARENTS,FRIENDS,1,70,江西省,CONSUME,,12,ANDROID,false,江西省萍乡市芦溪县新泉乡,1
10000,103,张掖市,甘肃省张掖市九建建筑公司,E,24,APP,3,42.3,M,汉,4273,3,,MATE,FRIENDS,1,94.0,甘肃省,CONSUME,,12,ANDROID,false,内蒙古自治区阿拉善盟额济纳旗东风镇,0
10000,,滁州市,杭州奥思文具有限公司,Z,90,APP,2,43.5,M,汉,3918,2,,MATE,RELATIVES,1,70,安徽省,CONSUME,,12,ANDROID,,浙江省杭州市上城区闸弄口街道亭苑街,0
10000,105,泉州市,创泽生态天马山光鱼,C,24,XCX,2,33.8,M,汉,6347,4,,MATE,FATHER,1,79.353,福建省,CONSUME,,12,ANDROID,false,福建省泉州市安溪县虎邱镇,0
10000,103,湛江市,业丰公司,Z,90,APP,2,45.4,M,汉,307,2,,PARENTS,FRIENDS,1,70,广东省,CONSUME,,12,ANDROID,,广东省湛江市遂溪县城月镇,0
10000,,唐山市,河北文丰新材料有限公司,C,24,APP,3,35.5,M,汉,6101,2,,FATHER,RELATIVES,2,70,河北省,CONSUME,,12,ANDROID,false,河北省唐山市滦州市东安各庄镇G102(京抚线),0
10000,301,常州市,黄小明个人工作室,G,13,XCX,3,43.6,M,汉,3723,4,,PARENTS,RELATIVES,1,71.108,江苏省,CONSUME,,12,ANDROID,,[],0
10000,105,六安市,安徽建工集团有限公司,E,24,XCX,2,32.4,M,汉,5375,2,,MATE,FRIENDS,1,70,安徽省,CONSUME,,12,ANDROID,false,安徽省六安市舒城县汤池镇,0
10000,,枣庄市,新宏木业,H,54,APP,2,40.7,M,汉,5001,3,,MATE,COLLEAGUE,1,70,山东省,CONSUME,,12,ANDROID,,山东省临沂市费县石井镇,0
10000,,宁波市,宁海县景翔苑阳光家园,Z,90,APP,3,36.9,F,汉,3345,4,,COLLEAGUE,MATE,1,70,浙江省,CONSUME,,12,ANDROID,,浙江省宁波市宁海县前童镇梁书线,0
10000,105,韶关市,格美美容美发,O,17,APP,2,30.3,F,汉,6814,2,,FATHER,RELATIVES,2,76.823,广东省,CONSUME,,12,ANDROID,,广东省东莞市南城街道宏图路2号,0
10000,102,佛山市,佛山三水星巴克,Z,90,APP,4,28.9,M,汉,6823,3,,FATHER,FRIENDS,2,70,广东省,CONSUME,,12,ANDROID,false,广东省佛山市三水区西南街道碧堤路,0
10000,102,三亚市,特警支队,Z,90,APP,4,27.3,M,汉,2320,4,,PARENTS,OTHER,2,88.298,海南省,CONSUME,,12,ANDROID,false,海南省三亚市天涯区鸭仔塘路五巷,1
10000,,朝阳市,孙芳军个人工作室,Z,90,APP,3,50.6,M,汉,1130,4,,FATHER,FATHER,1,70,辽宁省,CONSUME,,12,ANDROID,,辽宁省朝阳市喀喇沁左翼蒙古族自治县羊角沟镇S322(朝大线),0
10000,,柳州市,广西百策运输有限公司,Z,90,APP,3,44.0,M,汉,3156,2,,PARENTS,FRIENDS,1,97.15,广西壮族自治区,CONSUME,,12,ANDROID,false,广西壮族自治区河池市罗城仫佬族自治县东门镇城南路,0
10000,105,邯郸市,垂杨柳医院,Z,90,APP,3,41.2,F,汉,5496,4,,PARENTS,FRIENDS,1,70,河北省,CONSUME,,12,ANDROID,false,北京市朝阳区建外街道建国路108号,0
10000,307,揭阳市,林晓舟个人工作室,Z,90,XCX,2,35.1,M,汉,5836,3,,FATHER,FRIENDS,1,70,广东省,CONSUME,,12,ANDROID,,广东省深圳市龙岗区吉华街道松花路,0
10000,102,清远市,南京金立朗装饰材料有限公司,Z,90,XCX,2,32.9,M,汉,5033,2,,MATE,SIBLING,1,70,广东省,CONSUME,,12,ANDROID,,江苏省南京市江宁区东山街道建衡路,0
10000,103,龙岩市,震达五金,Z,90,APP,3,41.8,M,汉,1965,2,,PARENTS,SIBLING,1,70,福建省,CONSUME,,12,ANDROID,false,广东省惠州市惠城区陈江街道潘屋路,0
10000,102,滨州市,颜靓美容美体有限公司,O,17,APP,3,32.5,M,汉,5397,3,,MATE,FRIENDS,1,70,山东省,CONSUME,,12,IOS,,天津市河西区下瓦房街道台儿庄路,1
10000,103,沧州市,万科房地,Z,90,APP,2,42.1,M,汉,4212,2,,PARENTS,RELATIVES,1,70,河北省,CONSUME,,12,ANDROID,,四川省成都市彭州市致和街道G350(天彭大道),0
10000,104,绍兴市,浙江华康工程管理有限公司新昌分公司,H,54,XCX,3,43.3,M,汉,3692,4,,MATE,FRIENDS,1,70,浙江省,CONSUME,,12,ANDROID,,浙江省绍兴市新昌县羽林街道,1
10000,105,长沙市,聚煲朋煲仔饭店,I,54,APP,2,27.8,M,汉,1226,2,,SIBLING,FATHER,2,85.125,湖南省,CONSUME,,12,ANDROID,false,湖南省长沙市浏阳市洞阳镇经九路,0
10000,,咸阳市,秦都分局刑侦大队,S,11,APP,3,32.4,M,汉,224,4,,MATE,FRIENDS,2,70,陕西省,CONSUME,,12,ANDROID,,陕西省咸阳市渭城区文汇路街道文汇西路2号,0
10000,,重庆市,重庆市北碚区吴俊言餐饮店,I,54,APP,3,31.4,M,汉,503,4,,FATHER,MATE,1,70,重庆市,CONSUME,,12,ANDROID,,重庆市北碚区北温泉街道康宁路154号,0
10000,105,娄底市,中网华通设计咨询有限公司,L,17,APP,3,28.0,M,汉,559,4,,PARENTS,OTHER,2,70,湖南省,CONSUME,,12,ANDROID,false,湖南省衡阳市衡阳县西渡镇洪山路,0
10000,,马鞍山市,烟草公司,F,17,APP,3,35.4,M,汉,6816,4,,PARENTS,FRIENDS,2,70,安徽省,CONSUME,,12,ANDROID,false,安徽省马鞍山市当涂县姑孰镇东营北路,0
10000,105,凉山彝族自治州,四川省西昌市太和镇转山村四组卫生室,S,11,XCX,2,30.0,F,汉,1064,4,,PARENTS,RELATIVES,1,70,四川省,CONSUME,,12,ANDROID,,四川省凉山彝族自治州西昌市太和镇,0
10000,308,长沙市,贝瑞特亲子游泳早教中心,Z,90,APP,2,28.3,F,汉,235,4,,PARENTS,FRIENDS,2,70,湖南省,CONSUME,,12,ANDROID,,湖南省长沙市岳麓区麓谷街道东方红路,0
10000,103,娄底市,杨振宇个人工作室,Z,90,XCX,3,31.1,M,汉,5614,2,,FATHER,FRIENDS,3,85.15987,湖南省,CONSUME,,12,ANDROID,false,湖南省长沙市开福区捞刀河街道捞建路,0
10000,104,南通市,物产中金轮蓝海股份有限公司,Z,90,APP,2,32.0,M,汉,6641,4,,PARENTS,COLLEAGUE,2,70,江苏省,CONSUME,,12,ANDROID,false,江苏省南通市海门区四甲镇吕通线,0
10000,,文山壮族苗族自治州,李绍雷个人工作室,Z,90,APP,2,36.3,M,壮,4525,3,,FRIENDS,MATE,1,70,云南省,CONSUME,,12,ANDROID,false,云南省文山壮族苗族自治州砚山县者腊乡,0
10000,,保定市,董艳艳个人工作室,Z,90,APP,2,35.6,F,汉,6653,2,,MOTHER,FRIENDS,1,70,河北省,CONSUME,,12,ANDROID,false,河北省保定市涿州市百尺竿镇兴旺街,0
10000,105,聊城市,莘县浩海果蔬种植专业合作社,Z,90,APP,2,42.1,F,汉,4239,4,,MATE,RELATIVES,1,70,山东省,CONSUME,,12,ANDROID,false,河南省濮阳市华龙区王助镇S101(濮水路),0
10000,309,延边朝鲜族自治州,晶能光电有限公司,Z,90,XCX,4,36.7,M,朝鲜,3715,4,,PARENTS,FRIENDS,1,78.78163,吉林省,CONSUME,,12,ANDROID,,江西省南昌市南昌县昌东镇,0
10000,103,南京市,中铁隧道股份有限公司,E,24,APP,3,49.8,M,汉,3027,3,,MATE,COLLEAGUE,1,83.80573,江苏省,CONSUME,,12,IOS,,山西省晋城市城区东街街道瑞丰路68号,1
10000,102,德阳市,四川华西绿舍宏泰混凝土有限公司,E,24,APP,3,50.4,M,汉,798,3,,MATE,FRIENDS,1,90.813,四川省,CONSUME,,12,ANDROID,false,四川省德阳市广汉市连山镇,0
10000,104,温州市,温州辉雅工艺礼品有限公司,Z,90,APP,3,39.5,F,汉,3911,4,,MATE,CHILDREN,1,70,浙江省,CONSUME,,12,ANDROID,false,浙江省温州市龙港市龙江片区斗门路,0
10000,,抚州市,江西省抚州市广昌县人民医院,Q,11,APP,4,30.9,F,汉,546,3,,MATE,COLLEAGUE,1,70,江西省,CONSUME,,12,ANDROID,false,江西省抚州市广昌县旴江镇解放北路318号,1
10000,,合肥市,上海三菱,Z,90,APP,4,38.3,M,汉,5395,4,,MATE,SIBLING,1,96.41,安徽省,CONSUME,,12,ANDROID,false,安徽省合肥市肥东县桥头集镇X026(石长路),1
10000,,长沙市,中联重科,H,54,APP,2,39.0,M,汉,4409,2,,MATE,FRIENDS,1,70,湖南省,CONSUME,,12,ANDROID,,湖南省长沙市芙蓉区朝阳街街道曙光北路6,0
10000,105,邯郸市,天津鸿晟达科技有限公司,G,13,XCX,2,39.0,M,汉,2957,4,,COLLEAGUE,PARENTS,1,89.40928,河北省,CONSUME,,12,ANDROID,,天津市滨海新区寨上街道S314(汉南线),0
10000,104,衡阳市,廖秀丽个人工作室,Z,90,APP,2,45.8,F,汉,357,4,,PARENTS,RELATIVES,1,91.978,湖南省,CONSUME,,12,ANDROID,false,湖南省衡阳市常宁市泉峰街道青阳路,0
10000,105,黔南布依族苗族自治州,福泉市银磷汽车运输有限公司,F,17,APP,3,42.9,F,汉,3636,4,,MATE,RELATIVES,1,95.077,贵州省,CONSUME,,12,ANDROID,,贵州省黔南布依族苗族自治州福泉市牛场镇牛场立交桥,1
10000,105,唐山市,唐山市盛鸿电子商务有限公司,Z,90,XCX,4,33.2,M,汉,4983,4,,FATHER,FRIENDS,1,70,河北省,CONSUME,,12,ANDROID,,河北省唐山市丰润区丰润镇建设北路,0
10000,105,合肥市,波后美胸体验中心,Z,90,APP,3,47.8,F,汉,3090,4,,MOTHER,SIBLING,1,70,安徽省,CONSUME,,12,ANDROID,false,安徽省合肥市巢湖市亚父街道向阳南路5,0
10000,,淮安市,知名度不动产,H,54,APP,2,30.7,M,汉,1022,3,,PARENTS,FRIENDS,1,70,江苏省,CONSUME,,12,ANDROID,false,江苏省淮安市淮阴区南陈集镇,0
10000,,湖州市,高泳个人工作室,Z,90,APP,3,37.4,M,汉,5312,2,,MATE,CHILDREN,1,70,浙江省,CONSUME,,12,ANDROID,,浙江省湖州市长兴县太湖街道G25(长深高速),0
10000,,毕节市,四川明清工程咨询有限公司,Z,90,APP,4,38.2,M,汉,4772,2,,MATE,COLLEAGUE,1,95.605,贵州省,CONSUME,,12,ANDROID,false,贵州省黔南布依族苗族自治州惠水县涟江街道G321,0
10000,102,聊城市,临清农商银行,J,13,XCX,4,30.6,M,汉,5786,2,,PARENTS,FRIENDS,2,70,山东省,CONSUME,,12,ANDROID,,山东省聊城市临清市潘庄镇,1
10000,403,南平市,益新家居,H,54,APP,2,35.9,M,汉,4875,2,,PARENTS,SIBLING,2,85.997,福建省,CONSUME,,12,ANDROID,,福建省南平市浦城县河滨街道仓北路,0
10000,104,商丘市,商丘蓝韵养生会所,Z,90,APP,3,28.9,F,汉,6788,2,,PARENTS,MATE,1,85.651,河南省,CONSUME,,12,ANDROID,,河南省商丘市虞城县芒种桥乡S317,0
10000,,黔东南苗族侗族自治州,医院所在公司,Z,90,XCX,4,44.3,M,苗,2582,4,,FATHER,FRIENDS,1,70,贵州省,CONSUME,,12,ANDROID,,贵州省黔东南苗族侗族自治州凯里市大十字街道文化南路,0
10000,308,上海市,上海九鼎建筑装饰工程有限公司,E,24,XCX,3,31.8,M,汉,452,2,,FRIENDS,FATHER,2,70,上海市,CONSUME,,12,ANDROID,,上海市嘉定区马陆镇立新路106弄6号,0
10000,,铜陵市,缙云县年平门窗加工店,H,54,APP,2,54.5,M,汉,524,4,,MATE,CHILDREN,1,70,安徽省,CONSUME,,12,ANDROID,false,安徽省铜陵市枞阳县钱铺镇G330,0
10000,104,惠州市,白马山林场,A,27,APP,3,47.7,M,汉,581,2,,PARENTS,FRIENDS,1,91.718,广东省,CONSUME,,12,ANDROID,false,广东省惠州市博罗县石湾镇兴业大道,1
10000,104,肇庆市,端州区豪杰百货商行,H,54,XCX,3,32.9,F,汉,4904,3,,FATHER,FRIENDS,1,76.15036,广东省,CONSUME,,12,ANDROID,,广东省肇庆市端州区黄岗街道端州一路88号,0
10000,,仙桃市,周村全宇茶酒坊,Z,90,XCX,2,41.2,M,汉,3956,4,,MOTHER,MATE,1,90.026,湖北省,CONSUME,,12,ANDROID,,山东省淄博市周村区青年路街道机场路,0
10000,403,内江市,宏图假发厂,C,24,APP,2,37.5,M,汉,4448,2,,FATHER,MATE,3,92.647,四川省,CONSUME,,12,ANDROID,false,浙江省金华市义乌市义亭镇国贸大道辅路,0
10000,,长春市,一汽工程大楼,H,54,APP,3,55.7,F,汉,99999,4,,PARENTS,FRIENDS,1,70,吉林省,CONSUME,,12,ANDROID,,吉林省长春市绿园区春城街道正阳街3667号,0
10000,103,郑州市,河南凌跃地坪工程有限公司,E,24,XCX,3,45.8,F,汉,3601,2,,MATE,FRIENDS,1,91.97,河南省,CONSUME,,12,ANDROID,,河南省郑州市中原区西流湖街道文翰街,0
10000,,贵港市,贵港市华仔通讯器材经营部,Z,90,APP,2,40.5,F,汉,2497,2,,PARENTS,COLLEAGUE,1,70,广西壮族自治区,CONSUME,,12,ANDROID,false,广西壮族自治区贵港市港北区港城街道迎宾大道辅路,0
10000,,北海市,北海市济群大药房,H,54,APP,2,40.2,M,汉,4542,3,,PARENTS,FRIENDS,1,88.852,广西壮族自治区,CONSUME,,12,ANDROID,false,广西壮族自治区北海市海城区高德街道北部湾东路70号,0
10000,105,渭南市,九都宾馆,H,54,APP,2,50.4,F,汉,255,2,,PARENTS,FRIENDS,1,89.219,陕西省,CONSUME,,12,ANDROID,false,陕西省西安市新城区长乐中路街道公园北路110号,1
10000,103,扬州市,江苏船企动力有限公司,Z,90,XCX,4,32.8,F,汉,5862,2,,MATE,FATHER,1,80.622,江苏省,CONSUME,,12,ANDROID,,江苏省扬州市高邮市龙虬镇高邮互通,0
10000,,南宁市,莫宣攀个人工作室,C,24,APP,2,49.6,M,汉,3059,3,,MOTHER,COLLEAGUE,1,70,广西壮族自治区,CONSUME,,12,ANDROID,,广东省江门市鹤山市雅瑶镇,0
10000,102,南通市,苏州耐戈友,Z,90,XCX,3,36.4,M,汉,4821,3,,PARENTS,FRIENDS,2,85.9,江苏省,CONSUME,,12,ANDROID,,江苏省无锡市新吴区江溪街道坊和路,0
10000,,青岛市,郭俊个人工作室,Z,90,APP,2,39.1,F,汉,5529,2,,MATE,FRIENDS,1,70,山东省,CONSUME,,12,ANDROID,false,山东省青岛市莱西市望城街道华山路,0
10000,103,驻马店市,老徐汽车会所,Z,90,APP,3,34.4,M,汉,7187,4,,PARENTS,MATE,1,85.819,河南省,CONSUME,,12,ANDROID,false,河南省焦作市武陟县詹店镇中东街,0
10000,,汕头市,惠州市璟恬贸易有限公司,O,17,APP,2,29.1,M,汉,713,4,,PARENTS,FRIENDS,1,70,广东省,CONSUME,,12,ANDROID,false,广东省汕头市濠江区河浦街道,0
10000,309,呼和浩特市,昆泰幼儿园,Z,90,APP,3,37.0,F,汉,3916,4,,PARENTS,SIBLING,1,70,内蒙古自治区,CONSUME,,12,ANDROID,false,内蒙古自治区呼和浩特市赛罕区巧报镇金源街,1
10000,103,天津市,天津大港经玮托幼点,Z,90,APP,4,36.2,M,汉,3687,2,,MATE,FRIENDS,1,70,天津市,CONSUME,,12,ANDROID,false,天津市滨海新区古林街道海景一路,1
10000,105,惠州市,罗康英个人工作室,H,54,APP,2,39.6,M,汉,4053,4,,PARENTS,FRIENDS,1,70,广东省,CONSUME,,12,ANDROID,false,广东省惠州市惠东县白花镇,0
10000,102,漳州市,金碧物业有限公司,Z,90,APP,3,31.0,M,汉,5604,4,,PARENTS,SIBLING,2,88.897,福建省,CONSUME,,12,ANDROID,false,福建省漳州市龙文区步文街道碧湖路辅路,0
10000,102,大理白族自治州,私营业主,Z,90,APP,3,36.8,M,汉,4331,3,,MATE,FRIENDS,1,95.0,云南省,CONSUME,,12,ANDROID,false,云南省大理白族自治州巍山彝族回族自治县庙街镇,0
10000,103,鄂州市,湖北省鄂州市华容区段店卫生院,Q,11,APP,3,44.5,M,汉,4112,4,,MOTHER,MATE,1,85.786,湖北省,CONSUME,,12,ANDROID,false,湖北省鄂州市华容区段店镇华祥大道,0
10000,102,济宁市,吉旗物联科技有限公司,G,13,XCX,3,36.0,M,汉,3986,3,,MATE,FRIENDS,1,77.73715,山东省,CONSUME,,12,ANDROID,,山东省济宁市兖州区兴隆庄街道G1511(日兰高速),0
10000,,成都市,成都新派宇门窗有限公司,Z,90,XCX,4,33.4,M,汉,4618,4,,PARENTS,COLLEAGUE,2,89.596,四川省,CONSUME,,12,ANDROID,,四川省成都市温江区万春镇春晖路,0
10000,,玉林市,康耀建筑实业有限公司,E,24,XCX,2,40.4,M,汉,4752,2,,MATE,SIBLING,1,70,广西壮族自治区,CONSUME,,12,ANDROID,,广西壮族自治区玉林市北流市大坡外镇,0
10000,,绍兴市,浙江省绍兴市新昌县十九峰路粗菜馆,Z,90,APP,2,48.8,M,汉,1872,3,,MATE,FRIENDS,1,70,浙江省,CONSUME,,12,ANDROID,false,浙江省绍兴市新昌县七星街道,0
10000,,盐城市,臧兵兵个人工作室,Z,90,APP,2,32.7,M,汉,6572,2,,PARENTS,SIBLING,2,70,江苏省,CONSUME,,12,ANDROID,,江苏省苏州市常熟市东南街道金棠路,0
10000,,滁州市,上海市松江区九亭镇莉航餐饮店,I,54,XCX,2,33.1,M,汉,4714,4,,MATE,FATHER,1,70,安徽省,CONSUME,,12,ANDROID,,上海市闵行区七宝镇联宝路325号,0
10000,,贺州市,中山匠领制控有限公司,Z,90,APP,2,38.4,F,汉,6705,2,,PARENTS,FRIENDS,1,70,广西壮族自治区,CONSUME,,12,ANDROID,false,广东省中山市中山港街道东利路,0
10000,102,长治市,杭州美学频道网络科技有限公司,G,13,XCX,4,27.7,M,汉,1034,3,,FATHER,COLLEAGUE,2,77.6118,山西省,CONSUME,,12,ANDROID,false,浙江省杭州市临平区塘栖镇宏达路,0
10000,,泰安市,齐鲁制药有限公司,Z,90,APP,3,35.7,M,汉,5204,3,,PARENTS,MATE,1,70,山东省,CONSUME,,12,ANDROID,,山东省泰安市岱岳区粥店街道迎胜路辅路,0
10000,,商丘市,方现军个人工作室,Z,90,APP,2,42.8,M,汉,4854,3,,PARENTS,SIBLING,2,70,河南省,CONSUME,,12,ANDROID,,河南省商丘市宁陵县华堡镇,0
10000,,岳阳市,做生意的,Z,90,XCX,2,51.9,M,汉,418,2,,PARENTS,SIBLING,1,70,湖南省,CONSUME,,12,ANDROID,,湖南省岳阳市平江县汉昌街道G106(京广线),0
10000,,玉溪市,罗鹏个人工作室,Z,90,APP,2,32.1,M,汉,6731,2,,MATE,FRIENDS,1,90.792,云南省,CONSUME,,12,ANDROID,false,云南省玉溪市通海县四街镇董家路,1
10000,104,深圳市,深圳市安圭供应链有限公司,F,17,APP,4,32.7,F,汉,749,4,,FATHER,FRIENDS,2,91.75685,广东省,CONSUME,,12,ANDROID,false,广东省深圳市宝安区航城街道,1
10000,105,宁德市,美大集成灶,G,13,APP,2,41.4,M,汉,4270,3,,PARENTS,FRIENDS,1,70,福建省,CONSUME,,12,ANDROID,false,福建省福州市连江县潘渡镇,1
10000,,南阳市,深圳市送荣建辉集团有限公司,Z,90,APP,2,29.0,M,汉,229,2,,PARENTS,FRIENDS,2,70,河南省,CONSUME,,12,ANDROID,,广东省深圳市宝安区松岗街道沙浦二路64-1,0
10000,,娄底市,辉盛公寓,Z,90,APP,2,28.9,F,汉,701,4,,PARENTS,FRIENDS,2,70,湖南省,CONSUME,,12,ANDROID,,广东省广州市白云区三元里街道松云街3号,0
10000,,毕节市,贵州畅领建筑装饰有限公司,Z,90,XCX,4,37.3,M,汉,6012,3,,PARENTS,FRIENDS,3,70,贵州省,CONSUME,,12,ANDROID,,贵州省毕节市威宁彝族回族苗族自治县炉山镇,0
10000,,大连市,中银保险有限公司大连分公司,Z,90,APP,4,33.9,M,汉,4990,4,,MOTHER,FATHER,1,70,辽宁省,CONSUME,,12,ANDROID,false,辽宁省大连市甘井子区中华路街道西北路,0
10000,,岳阳市,软通动力技术有限公司,Z,90,APP,2,35.1,M,汉,692,4,,MATE,FATHER,1,70,湖南省,CONSUME,,12,ANDROID,,湖北省武汉市江夏区豹澥街道,0
10000,105,辽阳市,朱虹个人工作室,Z,90,APP,4,33.4,F,汉,6828,2,,CHILDREN,FRIENDS,1,89.159,辽宁省,CONSUME,,12,ANDROID,false,山东省淄博市张店区车站街道兴学街53号,0
10000,307,苏州市,常熟农商银行,J,13,XCX,4,36.2,M,汉,3861,4,,MATE,FRIENDS,1,70,江苏省,CONSUME,,12,ANDROID,,江苏省苏州市常熟市虞山街道书院街98号,0
10000,105,武汉市,中国铁路武汉局集团有限公司,F,17,APP,3,30.3,M,汉,204,2,,PARENTS,SIBLING,2,90.658,湖北省,CONSUME,,12,ANDROID,,湖北省武汉市江岸区劳动街道解放大道1729,1
10000,,泸州市,肖祖勇个人工作室,Z,90,XCX,2,44.9,M,汉,838,4,,MATE,FATHER,1,70,四川省,CONSUME,,12,ANDROID,,四川省泸州市古蔺县观文镇,0
10000,,陇南市,佛崖镇人民政府,Z,90,XCX,4,36.1,F,汉,4485,4,,FATHER,SIBLING,2,70,甘肃省,CONSUME,,12,ANDROID,,甘肃省陇南市武都区姚寨镇李家咀路,0
10000,,宁波市,宁波鑫贝儿礼品贸易公司,C,24,APP,2,49.0,M,汉,5516,4,,PARENTS,FRIENDS,2,70,淅江省,CONSUME,,12,ANDROID,,浙江省宁波市鄞州区钟公庙街道麟寓路42号,0
10000,,银川市,宁夏小任果蔬连锁超市有限公司,Z,90,APP,2,37.9,F,汉,4844,4,,MATE,CHILDREN,1,70,宁夏回族自治区,CONSUME,,12,ANDROID,false,宁夏回族自治区银川市金凤区良田镇宝湖中路,0
10000,,清远市,中山市横栏镇速优五金加工店,Z,90,APP,3,31.0,M,汉,5610,4,,MATE,FRIENDS,1,100.0,广东省,CONSUME,,12,ANDROID,false,广东省清远市阳山县杜步镇,1
10000,,上饶市,宁波建筑,Z,90,APP,2,43.1,M,汉,1623,2,,CHILDREN,PARENTS,1,70,江西省,CONSUME,,12,ANDROID,,江西省上饶市德兴市绕二镇,0
10000,103,唐山市,河北省唐山市丰南区经安钢铁有限公司,C,24,XCX,2,30.9,F,汉,5796,4,,PARENTS,FRIENDS,1,70,河北省,CONSUME,,12,ANDROID,,河北省唐山市滦南县青坨营镇小康街,0
10000,104,长治市,"长治市
龙潮有限公司",Z,90,APP,2,31.4,F,汉,847,4,,FATHER,FRIENDS,2,70,山西省,CONSUME,,12,ANDROID,false,山西省长治市潞州区紫金街街道桃园西街,1
10000,,延安市,韩金龙个人工作室,Z,90,APP,2,33.7,M,汉,5638,2,,MOTHER,MATE,1,70,陕西省,CONSUME,,12,ANDROID,,陕西省延安市吴起县长城镇,0
10000,,宣城市,郎溪县人民医院,Z,90,XCX,3,36.5,F,汉,5654,2,,PARENTS,FRIENDS,3,90.83,安徽省,CONSUME,,12,ANDROID,,安徽省宣城市郎溪县建平镇伍员路,0
10000,,西安市,创智广告文化传播有限责任公司,R,17,APP,3,49.9,M,汉,1334,4,,PARENTS,COLLEAGUE,1,70,陕西省,CONSUME,,12,ANDROID,false,陕西省西安市雁塔区曲江街道新开门北路,0
10000,102,北京市,北京诗酒文化中心有限公司,R,17,APP,4,49.8,M,汉,1266,2,,MATE,FRIENDS,1,91.25615,北京市,CONSUME,,12,ANDROID,false,北京市丰台区南苑街道通久路,1
10000,,南充市,他他木门有限公司,C,24,APP,4,28.2,M,汉,1580,2,,MATE,COLLEAGUE,2,70,四川省,CONSUME,,12,ANDROID,false,浙江省杭州市钱塘区河庄街道江东二路,0
10000,,达州市,油气加工技术服务中心,S,11,APP,2,29.8,M,汉,1034,4,,MOTHER,COLLEAGUE,1,88.594,四川省,CONSUME,,12,ANDROID,false,四川省达州市宣汉县普光镇,0
10000,,漳州市,蔡小华个人工作室,Z,90,APP,2,34.4,F,汉,7130,4,,MATE,FRIENDS,1,70,福建省,CONSUME,,12,ANDROID,,福建省漳州市漳浦县霞美镇,1
10000,103,锦州市,吉林省鸿翔农业集团鸿翔种业有限公司,A,27,XCX,3,38.1,M,汉,4696,2,,PARENTS,FRIENDS,1,93.8,辽宁省,CONSUME,,12,ANDROID,,吉林省长春市九台区卡伦湖街道G102(京哈路),0
10000,105,仙桃市,中喜装饰部,E,24,APP,2,53.8,M,汉,152,4,,MATE,FRIENDS,1,89.217,湖北省,CONSUME,,12,ANDROID,false,山西省长治市潞州区常青街道,0
10000,105,临沂市,临沂考拉优选电子商务有限公司,G,13,XCX,2,36.0,M,汉,6086,4,,MATE,MATE,1,89.458,山东省,CONSUME,,12,ANDROID,,山东省临沂市郯城县郯城街道团结路2号,0
10000,,来宾市,柳州物流,F,17,APP,2,35.5,F,壮,5424,4,,FATHER,SIBLING,1,70,广西壮族自治区,CONSUME,,12,ANDROID,false,广西壮族自治区来宾市武宣县禄新镇,0
10000,,焦作市,王丹丹个人工作室,Z,90,APP,2,31.2,F,汉,5449,4,,MATE,MOTHER,1,70,河南省,CONSUME,,12,ANDROID,,河南省焦作市温县温泉街道温泉路11,0
10000,102,周口市,菲尚主题KTV,Z,90,XCX,2,35.4,F,汉,6009,4,,FRIENDS,FATHER,1,85.673,河南省,CONSUME,,12,ANDROID,,浙江省丽水市莲都区岩泉街道和平路,0
10000,304,天津市,贝丽丝玛健康管理中心,Z,90,XCX,2,44.8,M,汉,3709,2,,FRIENDS,MATE,1,70,天津市,CONSUME,,12,ANDROID,,天津市津南区咸水沽镇国展大道,0
10000,102,赣州市,华侨鞋业,H,54,APP,3,41.4,M,汉,4156,2,,RELATIVES,MATE,1,70,江西省,CONSUME,,12,ANDROID,false,浙江省温州市鹿城区双屿街道康华路219号,0
