100000,103,普洱市,周朝芬个人工作室,H,54,APP,2,47.2,F,汉,1391,3,01,MATE,FRIENDS,1,80.816,云南省,CONSUME,01,,23.423486359487155,100.40954522635036,ANDROID,,1
100000,102,邢台市,河北红星汽车制造有限公司,C,24,XCX,4,44.9,F,汉,4681,2,,PARENTS,SIBLING,2,91.099,河北省,CONSUME,01,,37.08796309440409,114.48079725147916,ANDROID,,0
100000,105,恩施土家族苗族自治州,伊美薄膜,H,54,APP,2,44.0,F,汉,1993,2,01,FATHER,RELATIVES,1,84.785,湖北省,CONSUME,02,,29.338144230965658,120.05267593011787,ANDROID,,0
100000,103,邢台市,邢台壹佰医药科技有限公司,G,13,APP,3,45.8,M,汉,1614,3,,FATHER,SIBLING,1,85.227,河北省,CONSUME,01,,37.088613700494267,114.4805742128657,ANDROID,,0
100000,105,南通市,车美丽汽车美容店,Z,90,APP,2,31.0,M,汉,5513,4,01,MATE,FATHER,1,70,江苏省,CONSUME,01,,32.3619297591609,120.54876558552532,ANDROID,,0
100000,103,黄骅市,洪泽区自由职业,Z,90,APP,2,47.0,F,汉,1072,4,01,MATE,FRIENDS,1,94.0,河北省,CONSUME,02,,32.340197287955458,118.82973954533719,ANDROID,,1
100000,403,酒泉市,中国电信股份有限公司酒泉分公司,Z,90,XCX,3,24.6,M,汉,2226,3,01,FATHER,MOTHER,2,70,甘肃省,CONSUME,01,,40.29325279751012,97.05854623712226,ANDROID,,0
100000,102,安庆市,沈阳宏家豪门窗有限公司,C,24,APP,2,43.2,M,汉,4141,3,01,FATHER,FRIENDS,1,95.25,安徽省,CONSUME,02,,41.78773238351435,123.35148326210785,ANDROID,,0
100000,105,江门市,恩平市人民医院,Q,11,APP,4,26.2,F,汉,1681,2,01,FATHER,FRIENDS,2,87.42732,广东省,CONSUME,01,,22.203223486368694,112.3622806702392,IOS,,1
100000,103,常德市,桃源县竹园发电有限公司,E,24,APP,4,37.1,M,汉,5683,2,01,SIBLING,MOTHER,2,88.126,湖南省,CONSUME,01,,28.75538308920546,111.2909259786251,ANDROID,,0
100000,104,牡丹江市,海峡整形医院,Q,11,APP,2,35.7,F,汉,6075,3,01,MOTHER,FRIENDS,2,81.847115,黑龙江省,CONSUME,02,,34.69930042698622,116.6389892470284,IOS,,0
100000,103,临沂市,利群超市,H,54,XCX,2,39.5,M,汉,4177,4,,FRIENDS,COLLEAGUE,1,70,山东省,CONSUME,01,,35.0680771892996,118.34472152486389,ANDROID,,0
100000,310,扬州市,江苏首佳信息科技有限公司,G,13,XCX,2,34.6,F,汉,161,2,,MATE,FRIENDS,1,70,江苏省,CONSUME,01,,32.38580234779542,119.84734119968681,ANDROID,,0
100000,103,连云港市,申通快递公司,F,17,APP,2,42.6,M,汉,4456,2,01,FRIENDS,COLLEAGUE,1,70,江苏省,CONSUME,01,,28.826433107094919,121.16689380586519,ANDROID,,0
100000,102,海东市,青海树恩教育科技有限公司,G,13,XCX,4,31.9,M,汉,6084,4,,FATHER,FRIENDS,2,89.014,青海省,CONSUME,02,,36.63614560995003,101.76496040432933,ANDROID,,0
100000,105,泸州市,南昌市奥高建材装饰有限公司,E,24,APP,2,50.2,M,汉,1616,4,01,RELATIVES,RELATIVES,1,70,四川省,CONSUME,01,,28.81824916419592,106.2054470447192,ANDROID,,0
100000,103,滨州市,张炳峰个人工作室,Z,90,APP,3,51.5,M,汉,1366,4,01,MATE,FRIENDS,1,85.687,山东省,CONSUME,01,,38.12546577385638,118.00055129193687,ANDROID,,0
100000,103,邵阳市,思嘉装饰有限公司,E,24,APP,3,34.5,M,汉,5737,3,01,RELATIVES,FRIENDS,1,70,湖南省,CONSUME,01,,27.229671,112.029215,ANDROID,,0
100000,102,绍兴市,中天建设集团东北公司,Z,90,XCX,4,36.4,M,汉,4467,4,01,MATE,FRIENDS,1,70,浙江省,CONSUME,01,,41.69637707025482,123.40840172683612,ANDROID,,0
100000,105,邢台市,中汇人寿保险股份有限公司,Z,90,APP,2,48.6,F,汉,916,4,01,MATE,FATHER,1,85.325,河北省,CONSUME,01,,37.06611226962582,114.58311755662322,ANDROID,,0
100000,104,许昌市,河南安吉斯智能科技有限公司,Z,90,XCX,3,30.3,M,汉,1399,2,01,PARENTS,FATHER,2,89.203,河南省,CONSUME,01,,34.719123112464767,113.63868071059753,ANDROID,,0
100000,103,锦州市,河北瑞泰消防有限公司,S,11,APP,2,47.5,M,汉,3777,2,01,MATE,FRIENDS,1,93.0,辽宁省,CONSUME,02,,40.19699144814069,119.98814943134218,ANDROID,,0
100000,102,南宁市,李家海味商店,H,54,APP,2,38.0,F,汉,4060,2,,MATE,COLLEAGUE,1,70,广西壮族自治区,CONSUME,02,,22.669476411392535,113.24680826680366,ANDROID,,0
100000,104,黄冈市,椰岛造型,O,17,XCX,2,33.3,F,汉,516,4,01,PARENTS,SIBLING,1,70,湖北省,CONSUME,01,,30.636805517515439,114.12210413608985,ANDROID,,0
100000,105,扬州市,合肥众柏高新技术服务有限公司,Z,90,XCX,3,22.9,M,汉,2825,4,01,PARENTS,OTHER,2,89.477,江苏省,CONSUME,01,,31.383208,120.67908,ANDROID,,0
100000,103,北京市,北京盛捷微客科技有限公司,G,13,APP,2,35.7,M,汉,5646,2,01,FATHER,COLLEAGUE,1,89.395,北京市,CONSUME,02,,39.62362217745871,116.64093375273515,ANDROID,,0
100000,105,鸡西市,盐城裕日新能源科技有限公司,G,13,XCX,2,45.1,M,朝鲜,1651,4,01,MATE,FRIENDS,1,76.35867,黑龙江省,CONSUME,01,,31.004689863162019,104.2935161839648,ANDROID,,0
100000,102,广州市,达吉合作,S,11,APP,2,48.4,M,汉,4150,4,,FRIENDS,RELATIVES,3,70,广东省,CONSUME,01,,23.08544277443766,113.2575332599048,ANDROID,,0
100000,307,红河哈尼族彝族自治州,和顺小吃店,I,54,XCX,2,36.4,F,汉,3953,4,01,MATE,SIBLING,1,70,云南省,CONSUME,01,,23.359203730797835,103.160198855415,ANDROID,,0
100000,103,凉山彝族自治州,布拖县司法局,S,11,APP,3,53.3,M,彝,701,2,01,RELATIVES,FRIENDS,1,70,四川省,CONSUME,01,,27.70906,102.813064,ANDROID,,0
100000,105,七台河市,七台河市城市文化研究所,M,11,APP,3,42.5,M,满,2357,3,01,MATE,FRIENDS,1,91.439,黑龙江省,CONSUME,02,,30.316220327941378,120.45861055338729,ANDROID,,0
100000,102,揭阳市,深圳市福大师，,Z,90,APP,2,23.0,F,汉,2422,2,01,FRIENDS,MOTHER,2,70,广东省,CONSUME,01,,22.73077741294531,114.23826458766968,ANDROID,,0
100000,307,沈阳市,平安金融中心,J,13,APP,4,44.2,F,汉,3650,3,01,FATHER,RELATIVES,3,79.23381,辽宁省,CONSUME,01,,41.76027968979469,123.5155504749223,ANDROID,,0
100000,102,佳木斯市,青岛益和兴食品有限公司,C,24,APP,2,39.1,M,汉,4044,2,01,MATE,COLLEAGUE,1,70,黑龙江省,CONSUME,02,,35.880357792365717,120.00891941270719,ANDROID,,0
100000,310,晋中市,张毅个人工作室,Z,90,APP,4,36.7,M,汉,4442,2,01,FATHER,FRIENDS,2,80.635,山西省,CONSUME,01,,37.76745717572023,112.74286179150794,ANDROID,,1
100000,102,泰州市,泰兴市汽车运输有限公司,F,17,XCX,3,28.6,M,汉,7116,2,01,FATHER,FRIENDS,2,89.13,江苏省,CONSUME,01,,32.107758258976179,118.70703957779102,IOS,,0
100000,102,温州市,乐清市五环电器有限公司,C,24,APP,4,47.0,F,汉,4345,3,01,SIBLING,MATE,1,70,浙江省,CONSUME,01,,28.13257967184447,121.0013728113271,ANDROID,,0
100000,103,西宁市,小桥街道办事处,S,11,APP,3,27.0,M,汉,706,4,01,FRIENDS,FRIENDS,2,89.509,青海省,CONSUME,01,,36.66183902517999,101.69263910752612,ANDROID,,0
100000,105,盐城市,上海勇源暖通科技有限公司,G,13,APP,2,49.4,M,汉,4653,3,,MATE,FRIENDS,2,91.25615,江苏省,CONSUME,01,,33.77801280550511,119.78955363024541,ANDROID,,0
100000,103,商丘市,高梓农作物种植专业,A,27,APP,2,38.0,M,汉,4379,3,01,MATE,FRIENDS,1,91.892,河南省,CONSUME,01,,40.533864279366678,116.0676897545979,ANDROID,,0
100000,105,淮北市,上海亮程教育科技工作室,G,13,APP,4,29.0,M,汉,2457,2,,PARENTS,MATE,1,70,安徽省,CONSUME,01,,33.93328766109603,116.79652052982769,ANDROID,,0
100000,102,开封市,赵亚东个人工作室,Z,90,APP,3,27.9,M,汉,6816,3,01,MATE,MOTHER,1,70,河南省,CONSUME,01,,34.407361646451388,114.00383262630894,ANDROID,,0
100000,301,湛江市,珠海耀发体育文化发展有限公司,R,17,APP,4,33.5,M,汉,4879,4,01,MATE,FRIENDS,1,70,广东省,CONSUME,02,,22.166289820589268,113.35921953200948,ANDROID,,0
100000,103,市辖区,石茂有限公司,Z,90,XCX,4,25.5,M,汉,1843,3,01,MATE,FRIENDS,1,78.65677,重庆市,CONSUME,01,,30.88490567610406,108.4347185763613,ANDROID,,0
100000,102,汉中市,周长新个人工作室,H,54,APP,2,37.9,M,汉,5139,4,01,MATE,COLLEAGUE,2,79.75703,陕西省,CONSUME,01,,32.83115242450158,106.27097390975776,ANDROID,,0
100000,103,宿州市,苏州家业冷藏物流有限公司,F,17,APP,3,29.2,F,汉,6291,2,01,MOTHER,MOTHER,1,76.397,安徽省,CONSUME,01,,31.371748905277785,120.52212722229658,ANDROID,,0
100000,105,东莞市,东莞市铝箔贸易部,C,24,APP,3,40.1,M,汉,3492,4,01,MATE,FRIENDS,1,70,广东省,CONSUME,01,,23.092299248203305,113.9495503416615,ANDROID,,1
100000,105,黄冈市,北京延庆樾熙府,H,54,XCX,4,30.1,M,汉,2045,4,01,MATE,RELATIVES,2,70,湖北省,CONSUME,01,,31.996317815978214,117.04327858330973,ANDROID,,0
100000,105,大庆市,拾鲜民间菜馆,I,54,APP,2,45.0,M,汉,1175,4,01,SIBLING,FRIENDS,1,81.344,黑龙江省,CONSUME,02,,28.550275575586018,112.3610892558627,ANDROID,,0
100000,104,镇江市,湖北奥兰雅图科技有限公司,Z,90,XCX,3,50.7,M,汉,77,3,01,FATHER,FATHER,1,70,江苏省,CONSUME,01,,30.61261,114.29947,ANDROID,,0
100000,306,赤峰市,沈阳中原山水园林景观工程有限公司,Z,90,APP,3,35.6,M,汉,7076,2,01,SIBLING,MOTHER,2,95.072,内蒙古自治区,CONSUME,01,,43.83909036880575,126.56530391508866,ANDROID,,0
100000,105,上海市,上海市冠军霓虹灯广告有限公司,R,17,APP,4,27.3,M,汉,3115,2,01,FATHER,FRIENDS,2,77.473,上海市,CONSUME,01,,34.33374569348222,108.80485823618466,IOS,,0
100000,104,泰州市,江苏天仁人力资源管理有限公司,O,17,APP,4,37.0,M,汉,5593,3,01,FATHER,COLLEAGUE,1,88.487,江苏省,CONSUME,01,,32.45883891570474,119.92900076704183,ANDROID,,0
100000,104,湛江市,湛江科技学院,P,13,XCX,4,35.6,M,汉,71,3,01,FATHER,FRIENDS,1,82.5648,广东省,CONSUME,01,,21.290941115388696,110.34932021583444,IOS,,1
100000,105,荆门市,中泰仁科科技,Z,90,APP,4,28.4,F,汉,1246,4,01,PARENTS,FRIENDS,2,70,湖北省,CONSUME,01,,30.587912457611034,114.38447624287875,ANDROID,,0
100000,102,台州市,浙江省三门县爱衣舍洗衣店,Z,90,XCX,2,50.7,F,汉,99999,3,01,FATHER,FATHER,1,70,浙江省,CONSUME,01,,29.128755233987495,121.38505169427393,IOS,,0
100000,102,梧州市,广州圣约翰服饰有限公司,C,24,XCX,3,46.4,M,汉,2780,2,,FRIENDS,FRIENDS,1,70,广西壮族自治区,CONSUME,02,,25.099352916733808,110.30364383690558,ANDROID,,0
100000,103,咸阳市,光头泡馍馆,Z,90,APP,2,44.7,M,汉,779,3,01,RELATIVES,RELATIVES,1,95.072,陕西省,CONSUME,01,,22.225982,113.530243,ANDROID,,0
100000,105,吉林市,长春市当代信息产业园,Z,90,XCX,3,33.1,F,汉,6921,2,01,MOTHER,MATE,1,87.871,吉林省,CONSUME,01,,43.84064147496199,125.295401255854,ANDROID,,0
100000,105,榆林市,榆林鑫华蓝图水利咨询服务有限公司,L,17,APP,3,39.8,M,汉,4036,4,01,MATE,SIBLING,1,94.0,陕西省,CONSUME,01,,37.948689622312709,109.29671328934583,ANDROID,,1
100000,103,湖州市,潮宏基珠宝有限公司,Z,90,APP,3,44.9,F,汉,3674,2,01,MATE,FRIENDS,1,70.572,浙江省,CONSUME,01,,30.337596695798898,120.80934066756547,ANDROID,,0
100000,310,郑州市,河南洁致家政服务有限公司,O,17,APP,2,36.7,F,汉,5276,3,01,MATE,CHILDREN,1,88.336,河南省,CONSUME,01,,34.86985676208423,113.6358859560073,ANDROID,,0
100000,102,泰州市,苏宁易购,G,13,APP,3,37.1,F,汉,6649,3,01,FATHER,FRIENDS,1,76.876,江苏省,CONSUME,02,,32.4529468490852,119.96074366073873,ANDROID,,0
100000,105,镇江市,南京韵珺商贸有限公司,P,13,APP,2,33.9,M,汉,4661,3,,MATE,PARENTS,1,71.988,江苏省,CONSUME,01,,31.962341634333077,119.16044463913078,ANDROID,,0
100000,103,达州市,金联信科技有限公司,G,13,APP,2,26.9,M,汉,872,2,01,PARENTS,FRIENDS,2,70,四川省,CONSUME,01,,22.763970358208846,113.90615570329068,ANDROID,,0
100000,102,湛江市,深圳易达汽车工贸有限公司,Z,90,APP,3,33.5,M,汉,5009,3,01,COLLEAGUE,MATE,1,70,广东省,CONSUME,01,,22.605535438351237,113.86099932750379,ANDROID,,0
100000,105,上饶市,上饶市第三人民医院,Q,11,APP,3,47.0,F,汉,459,2,01,FATHER,FRIENDS,1,70,江西省,CONSUME,02,,28.437374069522325,117.98638716287066,ANDROID,,0
100000,102,大庆市,瑞昂机械有限公司,C,24,APP,2,35.7,F,汉,5131,2,01,CHILDREN,SIBLING,1,85.854,黑龙江省,CONSUME,01,,38.956361031700847,117.49565984866108,ANDROID,,0
100000,103,连云港市,货拉拉公司,Z,90,APP,2,25.8,M,汉,1427,2,01,FATHER,FRIENDS,2,78.31967,江苏省,CONSUME,01,,31.38317177469647,121.3998063444327,ANDROID,,0
100000,102,廊坊市,北京泽语通诚科技发展有限公司,G,13,APP,3,38.2,M,汉,5713,3,01,MATE,FRIENDS,1,85.477,河北省,CONSUME,01,,39.88140606692072,116.43255489074278,ANDROID,,0
100000,104,常德市,湖南量子星球科技有限公司,Z,90,APP,4,27.1,F,汉,1345,2,01,FATHER,FATHER,2,70,湖南省,CONSUME,01,,28.232872322140456,112.903800579115,ANDROID,,1
100000,102,保定市,敏欣观赏鱼店,H,54,APP,3,36.1,F,汉,3920,4,01,MATE,FRIENDS,1,70,河北省,CONSUME,02,,39.370593870801659,114.71874300752826,ANDROID,,0
100000,104,朝阳市,河北众鑫检验检测有限公司,L,17,APP,4,35.5,M,汉,3956,2,01,FATHER,FRIENDS,1,82.528854,辽宁省,CONSUME,02,,40.928830439791120,117.968416878766732,IOS,,0
100000,403,宜春市,张海燕个人工作室,K,17,APP,2,35.1,F,汉,6012,2,01,FRIENDS,RELATIVES,1,86.106,江西省,CONSUME,02,,28.2895032244545,115.82192303177448,ANDROID,,1
100000,105,荆门市,荆门市海盛装饰工程有限公司,E,24,APP,2,47.7,M,汉,838,4,01,MATE,FRIENDS,1,90.214,湖北省,CONSUME,01,,22.608722,114.037616,ANDROID,,0
100000,105,张家口市,赢海有限公司,Z,90,APP,4,33.3,M,汉,4962,4,01,MATE,MOTHER,1,70,河北省,CONSUME,01,,39.84221153912263,114.61745064600402,ANDROID,,0
100000,102,银川市,银川美合泰医药连锁有限公司,H,54,APP,4,31.8,F,回,5571,3,,MOTHER,MATE,1,70,宁夏回族自治区,CONSUME,01,,38.55654191195126,106.33400222374003,ANDROID,,1
100000,102,广州市,金福楼饭店,I,54,XCX,3,36.0,F,汉,7246,4,01,FATHER,COLLEAGUE,1,87.017,广东省,CONSUME,01,,23.098636369662676,113.28199122253425,IOS,,0
100000,301,徐州市,贾凯莉个人工作室,I,54,XCX,3,27.7,F,汉,1869,4,01,SIBLING,MOTHER,2,70,江苏省,CONSUME,01,,34.725454136920649,116.969710890697,ANDROID,,0
100000,102,淮安市,北京业之峰装饰西安分公司,E,24,APP,2,44.3,M,汉,1404,2,01,PARENTS,FRIENDS,1,70,江苏省,CONSUME,01,,33.21207024350347,118.82981368743767,ANDROID,,0
100000,102,九江市,成都全友家私,C,24,APP,4,33.9,F,汉,4477,3,01,MATE,FRIENDS,1,70,江西省,CONSUME,01,,29.003301766781548,114.53915322733451,ANDROID,,0
100000,105,永州市,东莞市元立科技,Z,90,APP,2,48.6,M,汉,1440,2,01,SIBLING,COLLEAGUE,3,91.757,湖南省,CONSUME,02,,22.979094251422749,114.12772512292045,ANDROID,,0
100000,105,武汉市,湖北省妇幼保健院,Q,11,XCX,3,40.3,F,汉,3978,3,01,PARENTS,MOTHER,2,70,湖北省,CONSUME,01,,30.53188932817373,114.36510083912423,ANDROID,,0
100000,105,南京市,江苏合谦建设有限公司,Z,90,APP,3,54.5,M,汉,559,3,01,SIBLING,COLLEAGUE,3,70,江苏省,CONSUME,01,,31.316628045931478,118.75090240161201,ANDROID,,0
100000,105,成都市,中国光大银行眉山,J,13,APP,4,44.2,M,汉,3287,2,01,MATE,FRIENDS,1,70,四川省,CONSUME,02,,30.065790716031075,103.84764790448753,ANDROID,,0
100000,104,绵阳市,东部路桥,E,24,APP,2,48.6,M,汉,4515,4,01,PARENTS,MATE,1,70,四川省,CONSUME,02,,28.88978711857951,105.4225165843126,ANDROID,,0
100000,103,苏州市,昆山高新物业管理有限公司,L,17,XCX,3,41.0,M,汉,3707,2,01,MATE,MOTHER,1,100.0,江苏省,CONSUME,01,,31.375327923438989,120.94173383363898,ANDROID,,0
100000,102,合肥市,合肥长快餐饮管理有限公司,I,54,APP,2,40.6,M,汉,2813,3,01,MATE,MATE,1,70,安徽省,CONSUME,01,,31.353695017890929,118.36901301472234,ANDROID,,0
100000,301,泸州市,茂东电器,H,54,XCX,2,32.6,M,汉,6321,2,01,MATE,SIBLING,1,91.318,四川省,CONSUME,01,,30.223674266064884,121.24850806294994,ANDROID,,0
100000,103,资阳市,放生大良废品回收站,I,54,XCX,2,34.9,M,汉,6791,2,01,PARENTS,FRIENDS,1,70,四川省,CONSUME,01,,30.341702499130635,104.96486668504281,ANDROID,,0
100000,102,沈阳市,普发商贸,H,54,APP,2,44.0,F,满,992,4,01,RELATIVES,MOTHER,2,70,辽宁省,CONSUME,01,,41.83297031206666,123.30772059994001,ANDROID,,0
100000,103,武汉市,黄陂人民医院,Q,11,APP,2,32.8,F,汉,315,2,01,MATE,FRIENDS,1,80.113,湖北省,CONSUME,01,,30.721521981166057,114.28109319830848,ANDROID,,0
100000,102,庆阳市,小强先森电商中心,G,13,XCX,3,30.2,M,汉,150,4,,FATHER,MOTHER,2,70,甘肃省,CONSUME,02,,31.146737919659278,120.69728965359757,ANDROID,,0
100000,103,保山市,罕荣娜小吃店,I,54,APP,2,41.7,F,傣,4345,3,01,SIBLING,PARENTS,2,70,云南省,CONSUME,01,,25.11331305757821,99.16094916022203,ANDROID,,0
100000,105,红河哈尼族彝族自治州,红河州亿泰物业服务有限公司,L,17,APP,4,32.2,M,汉,5706,2,01,MATE,RELATIVES,1,77.04171,云南省,CONSUME,01,,23.364390171134326,103.16570605629404,ANDROID,,0
100000,102,廊坊市,博奥制桶有限公司,C,24,APP,3,34.1,M,汉,5681,2,01,FRIENDS,MATE,1,89.492,河北省,CONSUME,02,,38.85111616045554,116.3847730490848,ANDROID,,0
100000,105,北京市,北京慧博亿丰人力资源有限公司,O,17,APP,3,45.7,F,汉,3531,4,01,MATE,MOTHER,1,90.253,北京市,CONSUME,01,,39.82100732900088,116.37544522708714,ANDROID,,0
100000,305,广州市,广州参照系企业管理咨询有限公司,L,17,XCX,4,54.2,M,汉,99999,3,01,MATE,SIBLING,1,87.423,广东省,CONSUME,01,,31.206708718594578,121.6057069624345,ANDROID,,0
100000,103,铜陵市,苹果售后,Z,90,XCX,3,43.9,F,汉,4379,4,01,MATE,FATHER,1,70,安徽省,CONSUME,01,,30.94787478063595,117.82541916893023,ANDROID,,0
100000,104,芜湖市,上海摩凯市场营销策划有限公司,Z,90,XCX,4,43.0,F,汉,2262,3,,COLLEAGUE,MATE,1,70,安徽省,CONSUME,02,,28.440633583536763,119.93661853922463,ANDROID,,0
100000,403,南京市,溧阳市猫萌哒商业运营管理有限公司,H,54,APP,3,51.4,M,汉,4732,3,01,SIBLING,FRIENDS,1,70,江苏省,CONSUME,02,,31.997626987380924,118.78515693923059,ANDROID,,0
100000,403,安康市,凌雪松个人工作室,Z,90,XCX,2,39.9,M,汉,4389,4,01,MATE,FATHER,1,89.88,陕西省,CONSUME,01,,32.36836902462128,109.44074953376522,ANDROID,,1
100000,103,晋中市,平遥国际金融家俱乐部,R,17,XCX,3,34.6,F,汉,5138,2,,SIBLING,RELATIVES,1,75.131,山西省,CONSUME,01,,37.19802255167376,112.19217614019709,IOS,,0
100000,102,遂宁市,自由职业,Z,90,APP,2,40.3,F,汉,5352,2,01,MATE,RELATIVES,1,89.11928,四川省,CONSUME,01,,28.38979580279378,111.23561105961001,ANDROID,,1
100000,305,南充市,四川链家房地产经纪有限公司,O,17,XCX,3,31.9,M,汉,1094,2,01,SIBLING,MATE,1,70,四川省,CONSUME,01,,30.815500318817216,104.19730674368532,IOS,,0
100000,102,南通市,江苏顺丰通讯有限公司,G,13,APP,4,26.1,M,汉,1748,2,01,FATHER,CHILDREN,2,94.51822,江苏省,CONSUME,01,,32.41105120855799,120.57585625170784,IOS,,0
100000,103,青岛市,青岛多米建筑工程有限公司,E,24,APP,3,35.7,M,汉,6087,2,01,MATE,FRIENDS,1,85.989,山东省,CONSUME,02,,36.36054898903637,120.17024510056587,ANDROID,,0
100000,103,临沂市,山东新中电力科技有限公司,D,17,APP,3,34.5,M,汉,5912,4,01,MATE,FATHER,1,76.88725,山东省,CONSUME,01,,34.985057002974787,118.44303155907788,ANDROID,,0
100000,103,鞍山市,铁东区新圣方园大药房,H,54,APP,3,46.0,F,满,4779,4,01,MATE,FRIENDS,1,70,辽宁省,CONSUME,01,,41.112591469790078,123.01362952493008,ANDROID,,0
100000,301,北京市,北京京东世纪贸易有限公司,C,24,APP,4,36.4,M,汉,4368,4,,MATE,SIBLING,1,87.619,北京市,CONSUME,01,,39.57126741333488,116.47529554938201,ANDROID,,0
100000,105,东营市,山东文远科工贸有限公司,Z,90,XCX,4,39.3,M,汉,2486,2,01,FRIENDS,FATHER,3,70,山东省,CONSUME,01,,36.6837873827581,116.9224707816558,ANDROID,,0
100000,102,南京市,华丰电子芜湖科技有限公司,G,13,APP,3,38.2,M,汉,4143,3,01,FRIENDS,FRIENDS,1,89.429,江苏省,CONSUME,01,,31.43399926189815,118.4265807277577,ANDROID,,0
100000,303,福州市,福州妥了网科技有限公司,Z,90,APP,2,42.8,M,汉,3752,4,01,MOTHER,FRIENDS,1,90.752,福建省,CONSUME,01,,26.059992681237167,119.33037110683586,ANDROID,,0
100000,105,梅州市,梅州志浩有限公司,Z,90,XCX,4,26.2,F,汉,1603,2,,FATHER,SIBLING,2,90.482,广东省,CONSUME,01,,24.257499093078946,116.12312652491053,IOS,,0
100000,303,咸阳市,深圳市三象消防工程有限公司,E,24,APP,4,31.0,M,汉,5656,2,01,FATHER,COLLEAGUE,2,79.50323,陕西省,CONSUME,01,,34.39385338225325,109.06151918222344,ANDROID,,0
100000,403,沈阳市,沈阳市辽中区华艺床品部,C,24,APP,3,46.9,M,汉,1582,2,01,MATE,FRIENDS,1,86.427,辽宁省,CONSUME,02,,41.51009553480552,122.74326581596685,ANDROID,,0
100000,103,玉林市,东莞华工协同创新科技发展有限公司,G,13,XCX,2,42.7,M,汉,5630,4,,MATE,COLLEAGUE,1,94.91075,广西壮族自治区,CONSUME,04,,22.985462693916096,113.83613589416312,IOS,,0
100000,103,合肥市,合肥颜艺国际贸易有限公司,C,24,APP,3,37.2,M,汉,4358,3,01,FRIENDS,MATE,1,70,安徽省,CONSUME,01,,31.801687290557454,117.33980914935116,ANDROID,,1
100000,103,许昌市,许昌万里运输公司,F,17,APP,2,41.3,M,汉,3693,2,01,COLLEAGUE,SIBLING,2,70,河南省,CONSUME,02,,34.02483526770587,113.85669463121828,ANDROID,,0
100000,102,白银市,中铁七局集团第三工程有限公司,H,54,XCX,3,27.5,M,汉,1226,3,01,FATHER,FATHER,2,90.393,甘肃省,CONSUME,01,,33.950638,109.72316,ANDROID,,0
100000,102,张家口市,张家口路恒建筑工程有限公司,E,24,APP,2,52.3,M,汉,1133,4,01,MATE,COLLEAGUE,1,89.0,河北省,CONSUME,01,,40.78360001748424,114.8908813861005,ANDROID,,1
100000,102,北京市,讯嘉林餐饮,Z,90,XCX,4,33.0,F,回,5707,2,01,PARENTS,FRIENDS,1,82.869,北京市,CONSUME,01,,40.0166097029105,116.57045152426282,ANDROID,,0
100000,104,台州市,深圳市润迅电话商务有限公司宁波分公司,Z,90,XCX,3,27.3,M,汉,7141,3,01,SIBLING,RELATIVES,2,70,浙江省,CONSUME,01,,29.875843497969404,121.56513577538937,ANDROID,,0
100000,105,北京市,李金龙个人工作室,C,24,XCX,4,29.5,M,汉,6458,4,01,FATHER,FRIENDS,2,86.291,北京市,CONSUME,01,,39.910404793145108,116.6534557855156,ANDROID,,0
100000,307,上饶市,石门街镇幸福家电城,Z,90,APP,3,43.4,M,汉,4019,3,01,FATHER,FATHER,1,70,江西省,CONSUME,01,,29.579013660444486,116.7872566937369,ANDROID,,0
100000,102,汕头市,雨天晴纺织有限公司,C,24,XCX,2,35.0,M,汉,4705,2,01,FRIENDS,MOTHER,1,70,广东省,CONSUME,02,,23.223983514221339,116.68254405997119,ANDROID,,0
100000,102,运城市,稷山县飓风广告,R,17,APP,4,47.6,M,汉,253,4,01,SIBLING,FRIENDS,1,70,山西省,CONSUME,02,,36.057453448386969,113.07400289946463,ANDROID,,0
100000,105,深圳市,平安养老保险股份有限公司,J,13,APP,4,33.5,F,汉,5033,4,01,MATE,SIBLING,1,90.80302,广东省,CONSUME,01,,22.66648149103913,113.84052699717786,IOS,,0
100000,104,临沂市,刘港个人工作室,Z,90,XCX,4,27.7,M,汉,1144,4,01,FATHER,FRIENDS,2,92.19357,山东省,CONSUME,02,,35.08836254559743,118.321452850541,ANDROID,,0
100000,102,芜湖市,池州市青阳县育英学校,P,13,APP,4,31.5,M,汉,6507,2,,MOTHER,FRIENDS,1,87.307,安徽省,CONSUME,01,,31.3046863691799,118.39242110890324,ANDROID,,0
100000,105,宜春市,贵州薪源煤业有限公司,Z,90,APP,4,38.8,M,汉,5165,4,01,CHILDREN,SIBLING,1,70,江西省,CONSUME,01,,27.311447169358524,106.48836155049684,ANDROID,,1
100000,103,六安市,安徽文达信息工程学院,P,13,APP,4,24.7,M,汉,487,3,01,FATHER,COLLEAGUE,2,77.299835,安徽省,CONSUME,01,,28.591173601746705,121.54477753800201,ANDROID,,0
100000,102,自贡市,上海库缘网络有限公司,G,13,XCX,4,30.1,M,汉,6746,3,01,MATE,FATHER,2,91.092,四川省,CONSUME,02,,29.45814977610006,104.42700919538363,ANDROID,,0
100000,103,保山市,张国翠个人工作室,Z,90,XCX,2,34.6,F,汉,6145,4,01,MATE,FATHER,1,70,云南省,CONSUME,01,,25.103155499250645,99.22766741643604,ANDROID,,0
100000,104,宜春市,得裕家具店,H,54,APP,2,43.5,F,汉,5759,4,01,MATE,SIBLING,1,70,江西省,CONSUME,01,,28.256824749540429,114.95664832738138,ANDROID,,0
100000,306,广州市,广州新居网家居科技有限公司,Z,90,XCX,3,34.1,M,汉,5025,2,01,PARENTS,FATHER,2,72.226,广东省,CONSUME,01,,23.142361536861374,113.26075771242778,ANDROID,,0
100000,310,泉州市,石陂中心小学,P,13,XCX,4,35.9,M,汉,5345,2,01,PARENTS,FATHER,1,70,福建省,CONSUME,02,,27.701869993790714,118.38175516172365,ANDROID,,1
100000,102,天津市,天津医药集团太平医药有限公司,M,11,APP,4,43.3,M,汉,3466,4,01,FRIENDS,MATE,1,70,天津市,CONSUME,01,,39.10928109436046,117.22492565077542,ANDROID,,0
100000,102,达州市,于安东个人工作室,Z,90,XCX,2,53.6,M,汉,99999,4,01,MATE,COLLEAGUE,1,70,四川省,CONSUME,01,,29.978579246157389,103.84336830409126,ANDROID,,0
100000,102,东莞市,东莞市塘厦文化公园,N,17,APP,3,35.5,M,汉,6153,4,,FRIENDS,SIBLING,2,77.176,广东省,CONSUME,01,,22.776029543405311,114.118798968492783,ANDROID,,0
100000,301,大连市,上海珍奥生物科技有限公司,M,11,APP,4,36.0,M,汉,4022,2,01,MOTHER,FATHER,1,70,辽宁省,CONSUME,01,,31.88934856571682,121.6490432105972,ANDROID,,0
100000,104,孝感市,湖北恒馨房地产,K,17,APP,2,42.9,M,汉,4876,3,01,MATE,RELATIVES,1,89.0,湖北省,CONSUME,02,,30.534575001023588,114.40383684012228,ANDROID,,0
100000,102,湘西土家族苗族自治州,贵州圆梦廊桥运营管理有限公司,H,54,APP,4,34.1,M,土家,5107,2,,FATHER,FRIENDS,1,92.93572,湖南省,CONSUME,02,,28.254200361633495,108.13250844892204,IOS,,0
100000,103,泰安市,贝儿家蛋糕,I,54,APP,3,44.0,F,汉,5608,2,01,MATE,FATHER,1,94.0,山东省,CONSUME,01,,36.209929241061498,117.12582028043886,ANDROID,,0
100000,105,淮北市,冰清自来水有限责任公司,Z,90,APP,3,36.9,F,汉,4676,4,,PARENTS,FRIENDS,1,70,安徽省,CONSUME,01,,33.96737452639834,116.80420979294482,ANDROID,,0
100000,105,临沂市,临沂龙亿商贸有限公司,Z,90,APP,3,37.0,M,汉,3771,4,01,MATE,FRIENDS,1,70,山东省,CONSUME,01,,35.189540887918479,118.84823773454308,ANDROID,,0
100000,102,吉林市,老蔡快餐盒饭,I,54,APP,4,37.9,F,满,5688,4,01,SIBLING,RELATIVES,1,70,吉林省,CONSUME,01,,43.5908085095342,125.08605885106171,ANDROID,,0
100000,103,文县,文县自由职业,Z,90,APP,2,37.9,F,汉,4611,4,01,SIBLING,RELATIVES,1,95.25,甘肃省,CONSUME,02,,33.23260404651142,104.42128010213902,ANDROID,,0
100000,102,东莞市,广东南华西电气有限公司,G,13,XCX,4,40.0,M,汉,4828,4,01,PARENTS,FRIENDS,1,89.141,广东省,CONSUME,01,,22.989805309414014,113.62344509136136,ANDROID,,0
100000,104,保定市,张会朋个人工作室,Z,90,APP,4,40.9,M,汉,4612,4,01,RELATIVES,RELATIVES,1,70,河北省,CONSUME,02,,39.45166424864902,115.95452344878157,ANDROID,,0
100000,301,南阳市,四川传媒学院,Z,90,XCX,4,34.3,F,汉,301,3,01,SIBLING,SIBLING,2,70,河南省,CONSUME,02,,30.82441860020628,103.9935837784294,ANDROID,,0
100000,104,重庆市,铜梁区舒家大院火锅馆,I,54,APP,2,46.1,F,汉,3905,4,01,SIBLING,MATE,1,70,重庆市,CONSUME,02,,29.842741106465988,106.08423663780794,ANDROID,,0
100000,105,金昌市,八冶建设集团有限公司,Z,90,XCX,3,22.5,M,汉,2282,4,01,FRIENDS,FRIENDS,2,70,甘肃省,CONSUME,01,,38.526369191892097,102.20264907127445,ANDROID,,0
100000,103,徐州市,中通快递,F,17,APP,2,43.1,M,汉,4053,4,01,MATE,FRIENDS,1,70,江苏省,CONSUME,01,,34.323539672687349,117.13648668197958,ANDROID,,0
100000,104,青岛市,亿盛创股份有限公司,Z,90,APP,2,36.3,M,汉,7046,4,01,PARENTS,FRIENDS,2,84.208,山东省,CONSUME,01,,35.642552972323439,119.71348793048469,ANDROID,,0
100000,105,娄底市,南宁市阿兵百货便利店,H,54,APP,2,44.5,M,汉,3914,2,01,MATE,COLLEAGUE,1,88.0,湖南省,CONSUME,01,,21.73239096043186,108.65590308810595,IOS,,0
100000,103,大理白族自治州,二娃子烧烤,I,54,APP,2,27.9,M,白,848,2,01,COLLEAGUE,FRIENDS,2,93.81,云南省,CONSUME,01,,25.92213371488879,99.24671864132989,ANDROID,,0
100000,105,信阳市,西亚和美商业股份有限公司,E,24,APP,3,30.8,M,汉,7202,4,01,PARENTS,CHILDREN,1,89.156,河南省,CONSUME,02,,32.13229439416607,115.06849829609964,ANDROID,,0
100000,309,巴中市,工地上班,E,24,APP,2,34.5,M,汉,132,4,01,FRIENDS,SIBLING,2,70,四川省,CONSUME,01,,34.93080787255283,114.80138750363322,ANDROID,,0
100000,105,嘉峪关市,紫玉酒店管理公司配餐服务分公司,Z,90,APP,3,29.3,M,满,1030,4,01,FRIENDS,MOTHER,2,70,甘肃省,CONSUME,01,,39.808993680783689,98.27459910043415,ANDROID,,0
100000,102,保定市,北京森木世纪园林绿化服务有限公司,E,24,APP,2,31.6,M,汉,1140,3,01,MATE,FRIENDS,1,78.31611,河北省,CONSUME,02,,39.94532240658075,116.35897309286053,ANDROID,,0
100000,103,巴中市,南江悠然种养殖家庭农场,A,27,APP,2,37.6,M,汉,4362,2,01,FATHER,FATHER,2,70,四川省,CONSUME,01,,32.329153055461087,106.83167673915935,ANDROID,,0
100000,403,大庆市,学府家园,F,17,APP,2,40.3,F,汉,4155,2,01,PARENTS,FRIENDS,1,70,黑龙江省,CONSUME,01,,45.5303403761769,125.08822367433602,ANDROID,,1
100000,302,运城市,路北区煎饼屋鹭港店,Z,90,APP,2,23.7,M,汉,1818,2,,FATHER,MOTHER,2,70,山西省,CONSUME,02,,39.67089305664743,118.14173940643875,ANDROID,,0
100000,307,东营市,东营长途汽车总站,F,17,APP,2,47.1,M,汉,1420,4,01,RELATIVES,MATE,2,70,山东省,CONSUME,01,,37.449902,118.555923,ANDROID,,0
100000,104,齐齐哈尔市,天利峰磨具有限公司,C,24,XCX,4,39.5,F,汉,5668,4,01,PARENTS,FRIENDS,1,70,黑龙江省,CONSUME,01,,39.030055027285147,121.80750221150147,ANDROID,,0
100000,105,广州市,广东邮电人才有限公司,O,17,APP,2,27.7,M,汉,6697,2,01,SIBLING,FRIENDS,2,71.522,广东省,CONSUME,01,,23.45091867556693,113.12322075847468,ANDROID,,0
100000,103,资阳市,中建二局,Z,90,APP,2,28.5,M,汉,483,2,01,RELATIVES,FRIENDS,1,70,四川省,CONSUME,01,,30.102406,105.329245,ANDROID,,0
100000,102,常州市,常州市馋嘴满分贸易有限公司,C,24,APP,3,32.2,M,汉,1102,2,01,FRIENDS,COLLEAGUE,1,70,江苏省,CONSUME,01,,31.865810300061456,119.98294610730318,ANDROID,,0
100000,102,佳木斯市,自由职业服务人员,Z,90,APP,2,43.4,M,汉,1397,4,01,CHILDREN,RELATIVES,1,93.0,黑龙江省,CONSUME,01,,39.74480494600535,116.5518562916697,ANDROID,,0
100000,306,烟台市,中环洁业达环境服务有限公司,M,11,APP,4,34.7,F,汉,4709,2,01,PARENTS,MATE,2,70,山东省,CONSUME,01,,37.455853755732359,121.47952235854379,ANDROID,,0
100000,105,广州市,中国人寿,Z,90,APP,4,33.4,M,汉,6413,4,01,FATHER,FATHER,2,70,广东省,CONSUME,01,,23.66139950142654,116.69506103591348,IOS,,0
100000,102,池州市,池州市天康健康咨询有限公司,Q,11,XCX,3,40.1,M,汉,4877,3,01,RELATIVES,FRIENDS,1,70,安徽省,CONSUME,01,,30.65380745263553,117.49615589594957,ANDROID,,0
100000,105,湖州市,李宏波个人工作室,H,54,APP,4,30.9,M,汉,6045,4,01,PARENTS,PARENTS,2,87.58,浙江省,CONSUME,01,,30.340901051562125,120.15550329689077,ANDROID,,0
100000,103,杭州市,杭州锦烨纺织品有限公司,C,24,XCX,2,47.2,M,汉,2895,4,,MATE,FRIENDS,1,93.1515,浙江省,CONSUME,01,,30.31427502199458,120.23660879675114,IOS,,0
100000,102,齐齐哈尔市,天津滨海机电,C,24,APP,4,39.7,M,汉,2714,4,01,PARENTS,FRIENDS,1,70,黑龙江省,CONSUME,01,,41.89061769820136,123.43550197187644,ANDROID,,0
100000,301,德阳市,四川兴建建设项目有限公司德阳分公司,E,24,APP,4,31.1,M,汉,1497,4,01,PARENTS,FATHER,2,84.752,四川省,CONSUME,01,,31.133904497123095,104.39660225895655,ANDROID,,0
100000,103,通化市,新江城粥铺,Z,90,APP,2,42.8,M,朝鲜,4410,2,01,FRIENDS,RELATIVES,2,87.96126,吉林省,CONSUME,01,,41.78211796298252,126.05961178706977,IOS,,0
100000,105,舟山市,阿娜建设工程队,E,24,APP,2,46.1,M,汉,2713,2,,MATE,RELATIVES,1,93.688,浙江省,CONSUME,01,,30.3034010596844,122.1715007505247,ANDROID,,0
100000,102,铜陵市,王义超个人工作室,Z,90,XCX,2,36.8,M,汉,4044,4,01,MATE,FATHER,3,90.175,安徽省,CONSUME,01,,31.288514922816725,121.1380749472443,ANDROID,,0
100000,103,合肥市,安徽日报社广告中心,R,17,APP,4,42.3,M,汉,5500,3,01,FRIENDS,COLLEAGUE,3,70,安徽省,CONSUME,02,,31.823003693735055,117.24343356626521,ANDROID,,0
100000,103,保定市,火烈鸟商贸有限公司,H,54,APP,2,35.7,M,汉,4411,4,01,MATE,FRIENDS,3,70,河北省,CONSUME,01,,44.278393,123.978288,ANDROID,,0
100000,105,郑州市,鼎盛商行,H,54,XCX,3,37.4,F,汉,3966,3,01,MATE,FRIENDS,1,79.50317,河南省,CONSUME,01,,34.78624600455021,113.42990139988477,ANDROID,,0
100000,105,合肥市,上海吉祥航空,F,17,XCX,4,30.2,M,汉,119,4,,PARENTS,SIBLING,2,76.81,安徽省,CONSUME,02,,31.1206219356788,121.60993822676825,ANDROID,,0
100000,102,齐齐哈尔市,齐齐哈尔市梅里斯达斡尔族区残疾人联合会,S,11,XCX,4,27.7,M,汉,1030,4,,MOTHER,COLLEAGUE,2,93.146,黑龙江省,CONSUME,01,,47.32099548695272,123.76095745537119,ANDROID,,0
100000,103,甘南藏族自治州,临洮县王雪平五金店,H,54,XCX,2,45.0,M,汉,771,4,01,MATE,FATHER,1,89.483,甘肃省,CONSUME,01,,35.38489159371174,103.8834084906546,ANDROID,,0
100000,403,达州市,兴达科技股份有限公司,G,13,APP,2,37.0,M,汉,4855,4,,MATE,PARENTS,1,70,四川省,CONSUME,01,,31.177542850772214,108.44539006498253,ANDROID,,0
100000,103,仙桃市,秦唐宅配家具有限公司,C,24,XCX,3,38.8,M,汉,6090,4,01,MATE,SIBLING,1,72.582,湖北省,CONSUME,01,,30.23754508554189,113.38684852546467,ANDROID,,0
100000,102,仙桃市,金牌食府,Z,90,APP,2,33.9,F,汉,5433,2,01,PARENTS,FRIENDS,1,70,湖北省,CONSUME,01,,30.37816715042318,113.4430519157615,ANDROID,,0
100000,103,荆州市,上海盛滤机械设备有限公司,Z,90,APP,3,30.8,M,汉,7062,4,01,FATHER,FRIENDS,1,89.387,湖北省,CONSUME,01,,31.130138632846003,121.32841387286098,ANDROID,,0
100000,103,毕节市,贵州贵能创达贸易有限公司,C,24,APP,4,50.4,F,汉,3955,2,01,MATE,COLLEAGUE,1,70,贵州省,CONSUME,01,,26.49542162965685,106.7157211587859,ANDROID,,0
100000,105,白城市,长春中西医结合医院,Q,11,XCX,4,30.6,F,汉,1236,2,01,FATHER,FRIENDS,2,85.269,吉林省,CONSUME,01,,43.858090187785879,125.38705575738173,IOS,,0
100000,104,南通市,福建福润众汽车销售服务有限公司,H,54,APP,3,51.0,M,汉,1246,3,01,PARENTS,FRIENDS,1,70,江苏省,CONSUME,01,,32.5786605924177,110.8767927305005,ANDROID,,0
100000,103,信阳市,上海美谷商务服务有限公司,L,17,APP,2,29.5,M,汉,457,2,01,PARENTS,FRIENDS,2,70,河南省,CONSUME,01,,22.588614741236847,113.90253546603653,ANDROID,,0
100000,103,廊坊市,北京市特用玉米有限公司,Z,90,APP,4,31.6,M,汉,274,2,01,MOTHER,SIBLING,2,70,河北省,CONSUME,01,,47.90025859074781,125.31521008578013,ANDROID,,0
100000,104,安阳市,安阳市晨昊测绘有限公司,M,11,APP,3,40.3,M,汉,5552,3,,MATE,SIBLING,1,95.0,河南省,CONSUME,01,,35.92605270491981,114.38254491826675,ANDROID,,0
100000,105,济宁市,山东鲁抗医药股份有限公司,Z,90,XCX,3,37.4,F,汉,5762,3,,SIBLING,FRIENDS,1,71.962,山东省,CONSUME,01,,35.54322086927889,116.61266633190242,ANDROID,,0
100000,104,烟台市,烟台那皮肤管理有限责任公司,H,54,XCX,3,39.1,F,汉,4667,3,01,FATHER,COLLEAGUE,2,78.093834,山东省,CONSUME,01,,37.2596564124497,121.07479696522144,ANDROID,,0
100000,403,遵义市,遵义贵和汽车有限公司,Z,90,XCX,3,38.4,M,汉,3742,4,01,SIBLING,SIBLING,1,70,贵州省,CONSUME,01,,27.63181468385314,106.8901464375075,ANDROID,,0
100000,103,汕尾市,汉庭酒店,I,54,XCX,2,25.2,F,汉,1336,3,01,MATE,RELATIVES,1,87.253,广东省,CONSUME,01,,22.95899450533251,115.65933772950618,ANDROID,,0
100000,102,上饶市,板桥圆通,I,54,APP,2,37.1,M,汉,4424,3,01,OTHER,OTHER,1,70,江西省,CONSUME,01,,30.56163129905892,114.04336312661957,ANDROID,,0
100000,102,重庆市,个体工商户,Z,90,XCX,4,26.6,F,汉,1144,4,01,MOTHER,FRIENDS,2,91.271,重庆市,CONSUME,01,,29.75263950556132,106.58437422490822,IOS,,0
100000,102,无锡市,金财科技,G,13,XCX,3,34.1,M,汉,5443,2,01,FRIENDS,SIBLING,2,70,江苏省,CONSUME,01,,32.37502658730846,119.54665641578122,ANDROID,,0
100000,105,宁波市,宁波新晶都酒店有限公司,I,54,APP,3,35.0,M,汉,7148,2,,PARENTS,MOTHER,2,90.317,浙江省,CONSUME,01,,29.86387301747071,121.59935692592895,ANDROID,,0
100000,105,兰州市,兰州市七里河区兰工坪小学,P,13,APP,4,36.9,M,汉,3966,3,01,PARENTS,FRIENDS,1,70,甘肃省,CONSUME,01,,36.07212925843043,103.79241388203823,ANDROID,,0
100000,105,蚌埠市,常熟市红枫服饰,C,24,APP,2,35.4,M,汉,4225,2,01,FATHER,FRIENDS,2,92.367,安徽省,CONSUME,01,,31.613353954713039,120.74296885532249,ANDROID,,0
100000,302,三门峡市,沈阳市五洲通连锁有限公司,Z,90,APP,2,29.0,F,汉,456,4,01,PARENTS,MATE,1,70,河南省,CONSUME,01,,41.82641853190698,123.42771117393244,ANDROID,,0
100000,304,安庆市,北京明视光眼镜有限公司,C,24,APP,3,38.1,M,汉,4488,4,01,MOTHER,FRIENDS,2,94.103,安徽省,CONSUME,01,,39.916647441488418,116.48451398574,ANDROID,,0
100000,103,九江市,深圳市金钥匙系统门窗科技有限公司,C,24,APP,3,41.9,M,汉,4209,4,01,MATE,FRIENDS,1,70,江西省,CONSUME,01,,22.561194510207586,114.04118389692882,ANDROID,,0
100000,310,湘潭市,中阁幕墙科技有限公司,G,13,APP,4,38.1,M,汉,3997,2,01,MOTHER,MATE,1,93.141,湖南省,CONSUME,01,,28.278789495160749,112.839866757514,ANDROID,,0
100000,105,内江市,寰球合创房地产营销策划有限公司,K,17,APP,3,32.7,M,汉,6337,4,01,COLLEAGUE,MOTHER,2,86.295,四川省,CONSUME,01,,27.45154815303403,101.41104601298088,ANDROID,,0
100000,105,北京市,个体经营,C,24,XCX,3,49.1,F,汉,99999,4,01,MATE,FRIENDS,1,90.513,北京市,CONSUME,02,,40.079392323695959,116.33102266537154,ANDROID,,0
100000,103,惠州市,博罗县长宁镇金喜悦食府,I,54,APP,2,51.7,M,汉,328,4,01,MATE,RELATIVES,1,88.0,广东省,CONSUME,01,,23.308233612966654,114.08261534488682,ANDROID,,0
100000,102,海东市,民和盈合中药材种植有限公司,Z,90,APP,3,37.6,M,汉,4324,2,01,FATHER,FATHER,1,70,青海省,CONSUME,01,,36.32821120318239,102.80901435646944,ANDROID,,0
100000,103,盐城市,江苏东亭置业有限公司,K,17,XCX,4,29.8,M,汉,7225,3,01,PARENTS,FRIENDS,2,86.123,江苏省,CONSUME,01,,33.410930606650769,120.20096433595512,ANDROID,,0
100000,103,盐城市,吴军金属制品厂,C,24,APP,3,38.6,M,汉,3781,2,01,FATHER,RELATIVES,1,85.92357,江苏省,CONSUME,01,,33.21191382210336,120.44273356302149,ANDROID,,1
100000,103,淄博市,许善习个人工作室,Z,90,APP,2,48.3,M,汉,1390,4,01,MATE,CHILDREN,1,89.554,山东省,CONSUME,01,,36.64720291164338,118.1217246125826,ANDROID,,0
100000,102,唐山市,唐山中浩化工有限公司,Z,90,XCX,3,29.0,M,汉,71,2,,PARENTS,MATE,1,70,河北省,CONSUME,04,,39.43735396781626,118.93997932992906,ANDROID,,0
100000,102,张家界市,黄华个人工作室,Z,90,APP,3,38.8,F,土家,3850,3,01,MATE,COLLEAGUE,1,70,湖南省,CONSUME,01,,29.13668336618073,110.55920735411933,ANDROID,,0
100000,105,泰安市,果果超市,H,54,APP,2,37.0,F,汉,5051,4,01,MOTHER,MATE,1,91.966,山东省,CONSUME,01,,36.01968895929484,116.88454007020441,ANDROID,,0
100000,103,重庆市,重庆嗡嗡教育,P,13,APP,4,36.7,M,汉,4134,4,01,PARENTS,SIBLING,1,70,重庆市,CONSUME,01,,29.379236920893669,106.5727045551793,ANDROID,,0
100000,102,鹰潭市,柒月服装店,H,54,XCX,2,35.7,F,汉,4304,4,,MATE,FRIENDS,1,70,江西省,CONSUME,02,,28.24360614989612,117.03992424594547,ANDROID,,0
100000,104,鄂州市,梁子湖区嘉旺种植专业合作社,A,27,APP,2,49.6,M,汉,1635,4,01,RELATIVES,FRIENDS,1,70,湖北省,CONSUME,01,,30.12893042428935,114.54563272410067,ANDROID,,0
100000,103,益阳市,蜗牛零食,H,54,APP,3,40.3,F,汉,4911,4,01,MOTHER,FRIENDS,1,70,湖南省,CONSUME,02,,29.19117131006169,112.65015025613117,ANDROID,,0
100000,102,郑州市,河南省煤田地质局,S,11,APP,4,34.9,M,汉,5829,3,01,MATE,FATHER,1,87.521,河南省,CONSUME,01,,34.685904517371209,113.68266784345784,ANDROID,,0
100000,105,济宁市,彤缘玻璃制品有限公司,Z,90,APP,2,53.7,M,汉,495,2,01,RELATIVES,RELATIVES,1,70,山东省,CONSUME,01,,34.51481209850439,117.1393826140548,ANDROID,,0
100000,403,张掖市,江耀劳务有限公司,O,17,APP,3,37.3,M,汉,4857,3,,MATE,SIBLING,1,70,甘肃省,CONSUME,01,,5.618174998656583,-0.06861500000000193,ANDROID,,1
100000,103,郑州市,郑州比克新能源有限公司,M,11,XCX,2,37.6,M,汉,4471,2,01,FRIENDS,FRIENDS,1,70,河南省,CONSUME,01,,34.724953809379488,114.03549264479871,ANDROID,,0
100000,105,新乡市,富德生命保险股份有限公司,Z,90,APP,3,39.4,F,汉,3141,2,,MATE,MATE,1,70,河南省,CONSUME,04,,35.28941358186658,113.88118115277625,ANDROID,,0
100000,105,黄冈市,农业技术推广服务站,S,11,APP,2,52.8,M,汉,626,2,01,RELATIVES,FRIENDS,1,70,湖北省,CONSUME,01,,31.125505774754946,114.90362073480951,ANDROID,,0
100000,105,沈阳市,名兴工业,H,54,APP,2,36.7,F,汉,3841,4,01,MOTHER,FATHER,1,71.541,辽宁省,CONSUME,01,,39.941853416371667,122.90417167800858,ANDROID,,0
100000,103,恩施土家族苗族自治州,巴东县裕康农业开发有限公司,A,27,APP,2,46.5,M,汉,1904,4,01,MATE,FATHER,1,70,湖北省,CONSUME,01,,30.290104646367948,110.23271871402246,ANDROID,,0
100000,102,咸阳市,深圳市深乾机械设备租赁有限公司,L,17,APP,4,47.9,M,汉,531,2,01,MATE,FATHER,1,70,陕西省,CONSUME,01,,22.523044978693659,114.04752645272819,ANDROID,,0
100000,102,亳州市,亳州市谯城区,H,54,APP,4,53.1,M,汉,317,2,01,MATE,FRIENDS,1,70,安徽省,CONSUME,01,,33.8971573222073,115.78241587823425,ANDROID,,1
100000,302,湘西土家族苗族自治州,鑫弘环保材料有限公司,C,24,APP,2,43.1,M,汉,2304,2,01,PARENTS,COLLEAGUE,2,70,湖南省,CONSUME,02,,25.061265515939888,118.63558950357587,ANDROID,,0
100000,102,运城市,高晓杰个人工作室,H,54,XCX,4,32.7,M,汉,177,2,01,FATHER,COLLEAGUE,1,88.506,山西省,CONSUME,01,,35.62904183010256,110.9648032957991,IOS,,0
100000,102,三明市,广东省佛山华盾人防工程有限公司,E,24,APP,2,45.2,M,汉,523,2,01,COLLEAGUE,FRIENDS,1,70,福建省,CONSUME,01,,22.912436035139824,112.94663096890072,ANDROID,,0
100000,306,扬州市,江苏裕众车业科技有限公司,C,24,XCX,2,36.7,M,汉,4347,2,01,MATE,FATHER,1,70,江苏省,CONSUME,01,,33.223830160051857,119.31950988612592,ANDROID,,0
100000,102,曲靖市,东辉嘉园物业,L,17,APP,3,25.6,M,回,1606,2,01,FATHER,COLLEAGUE,2,70,云南省,CONSUME,01,,25.432293392376523,103.26699992742616,ANDROID,,0
100000,105,大庆市,宝石花物业,L,17,APP,4,30.8,M,汉,7018,4,01,MOTHER,SIBLING,2,89.335,黑龙江省,CONSUME,02,,46.61138037994154,125.13423775795714,ANDROID,,0
100000,307,福州市,福建省闽江顺达物流有限公司,F,17,XCX,2,37.0,M,汉,6122,3,01,MATE,FRIENDS,1,90.001,福建省,CONSUME,01,,25.970486743373,119.19891210802158,ANDROID,,0
100000,102,温州市,温州市图书馆星海分馆,S,11,XCX,3,43.0,F,汉,3007,4,01,MATE,MATE,1,70,浙江省,CONSUME,01,,27.972619551311508,120.6488825934625,ANDROID,,0
100000,105,潍坊市,高密市广茂木制品有限公司,C,24,APP,3,28.7,F,汉,1238,4,01,FATHER,FRIENDS,2,89.6879,山东省,CONSUME,01,,36.754984246594627,118.60279497380276,IOS,,0
100000,307,九江市,熊志强个人工作室,H,54,APP,3,29.9,M,汉,681,3,01,MATE,SIBLING,1,70,江西省,CONSUME,01,,29.023807743140034,115.81287077810653,ANDROID,,0
100000,105,烟台市,中粮可口可乐,C,24,XCX,3,35.8,F,汉,6956,2,,MATE,FATHER,1,84.043,山东省,CONSUME,01,,37.411650021537457,121.59764730339205,ANDROID,,0
100000,102,苏州市,苏州索优纺织有限公司,C,24,XCX,2,38.2,M,汉,6357,4,01,PARENTS,OTHER,1,77.850716,江苏省,CONSUME,01,,30.865957678322105,120.6286324823221,ANDROID,,0
100000,102,丽水市,龙泉市新欣公路养护中心,F,17,APP,4,39.5,M,汉,3827,3,01,MATE,FRIENDS,1,70,浙江省,CONSUME,02,,28.071540097669656,119.1580965181697,ANDROID,,0
100000,103,重庆市,蓬江区阿亮化妆用品店,Z,90,APP,2,37.2,M,汉,6473,2,01,SIBLING,SIBLING,1,72.841,重庆市,CONSUME,01,,22.57603698162493,113.10595769516205,ANDROID,,0
100000,105,泉州市,蔡庆个人工作室,P,13,APP,2,37.7,F,汉,3102,4,01,MATE,MATE,1,70,福建省,CONSUME,01,,24.92294852392607,118.47405297684714,ANDROID,,0
100000,403,绥化市,赵冬雪个人工作室,Z,90,APP,2,37.2,F,汉,3802,4,01,OTHER,OTHER,1,84.588,黑龙江省,CONSUME,01,,46.06436565632766,125.97330080508144,ANDROID,,0
100000,105,常德市,湖南湘安新能源科技有限公司,Z,90,XCX,4,27.0,M,汉,310,4,01,OTHER,PARENTS,2,70,湖南省,CONSUME,01,,28.161515645643786,113.0305586298833,ANDROID,,0
100000,102,佛山市,佛山航盈锐商铺,C,24,XCX,2,29.3,F,汉,1183,2,01,MATE,RELATIVES,1,81.166,广东省,CONSUME,01,,22.770351017251863,113.27335414411776,IOS,,0
100000,103,营口市,大石桥市辽滨化工有限公司,C,24,APP,2,52.3,M,汉,700,4,01,CHILDREN,RELATIVES,1,95.29,辽宁省,CONSUME,01,,40.689931777421069,122.27600229949086,ANDROID,,1
100000,103,天门市,晶品义齿,H,54,APP,2,34.6,M,汉,383,4,01,COLLEAGUE,FRIENDS,2,70,湖北省,CONSUME,02,,30.618078444901977,113.13643582072526,ANDROID,,0
100000,102,沈阳市,辽宁筑波规划设计研究所,Z,90,APP,4,41.6,M,汉,1701,3,01,COLLEAGUE,MATE,1,70,辽宁省,CONSUME,01,,41.88000466410648,123.40968025673992,ANDROID,,0
100000,104,湛江市,庞珠霞个人工作室,Z,90,APP,3,25.5,F,汉,860,2,01,FATHER,FRIENDS,2,70.29,广东省,CONSUME,01,,23.234931307665368,113.2956468383101,ANDROID,,0
100000,102,扬州市,南京百纳展览有限公司,R,17,APP,2,40.0,M,汉,4312,2,01,MATE,FRIENDS,1,90.0,江苏省,CONSUME,01,,30.234987793199815,120.25021263440863,ANDROID,,0
100000,103,中山市,中山市港口镇尹养森日用品店,Z,90,APP,4,36.8,F,汉,5501,4,01,FATHER,SIBLING,1,95.072,广东省,CONSUME,01,,22.54909391814738,113.47060794979218,ANDROID,,0
100000,105,安庆市,怡香居土菜馆,Z,90,APP,2,41.5,F,汉,4865,3,01,PARENTS,SIBLING,1,70,安徽省,CONSUME,02,,30.8538009929806,116.36426498184079,ANDROID,,1
100000,104,连云港市,江苏诺泰澳赛诺生物制药股份有限公司,Z,90,APP,4,23.0,M,汉,2435,2,01,CHILDREN,FRIENDS,2,88.862,江苏省,CONSUME,01,,34.589241946026877,119.18819066961452,ANDROID,,0
100000,104,合肥市,石辰个人工作室,Z,90,APP,4,33.3,M,汉,6860,2,01,FRIENDS,FRIENDS,2,70,安徽省,CONSUME,01,,31.789769924648938,117.16717569096913,ANDROID,,0
100000,105,延边朝鲜族自治州,吉林省泛企人力资源有限责任公司,O,17,APP,2,33.9,M,汉,622,3,01,MATE,FRIENDS,1,89.366,吉林省,CONSUME,01,,43.32961808406801,129.80553880100113,ANDROID,,0
100000,307,宁波市,拉斯维丝商贸有限公司,Z,90,XCX,3,30.1,F,满,399,2,,COLLEAGUE,SIBLING,2,70,浙江省,CONSUME,01,,29.81247034385243,121.56703525468522,ANDROID,,0
100000,105,揭阳市,揭阳市纵创文化传媒有限公司,Z,90,XCX,3,24.8,M,汉,1367,3,01,PARENTS,FRIENDS,2,87.594,广东省,CONSUME,01,,23.37977342939586,113.21690954345209,ANDROID,,0
100000,102,芜湖市,喜事多便利店,H,54,APP,3,32.8,F,汉,5220,2,,FATHER,RELATIVES,3,70,安徽省,CONSUME,01,,31.833578394565384,117.23254753828792,ANDROID,,0
100000,103,台州市,博达汽车部件有限公司,C,24,APP,2,43.1,F,汉,3206,4,01,SIBLING,MATE,1,70,浙江省,CONSUME,02,,28.265910582185528,121.25183161440588,ANDROID,,0
100000,103,温州市,浙江强达实业有限公司,C,24,APP,4,41.6,F,汉,6778,2,01,SIBLING,SIBLING,3,91.203,浙江省,CONSUME,01,,28.386045538613684,119.86958469085191,ANDROID,,0
100000,103,西安市,西安联动创智企业管理咨询有限公司,Z,90,XCX,4,32.5,F,汉,6096,2,01,PARENTS,FRIENDS,1,73.878,陕西省,CONSUME,01,,34.676517046920668,109.2246063952201,ANDROID,,0
100000,104,泰州市,朱艳个人工作室,Z,90,XCX,2,26.3,F,汉,1347,4,01,FATHER,COLLEAGUE,2,90.37238,江苏省,CONSUME,01,,31.765634907392589,119.97557247111137,IOS,,0
100000,105,泉州市,蒙娜丽莎背景装修公司,E,24,XCX,2,32.8,F,汉,6613,4,01,FATHER,FRIENDS,2,89.613,福建省,CONSUME,01,,24.720028782737484,118.63363617356187,IOS,,0
100000,105,无锡市,江苏丽峰水景设备有限公司,C,24,APP,2,48.0,M,汉,216,3,01,FATHER,FRIENDS,1,94.018,江苏省,CONSUME,01,,31.501335909513963,119.87120618499103,ANDROID,,0
100000,103,承德市,崔立民个人工作室,Z,90,APP,2,35.9,M,满,4545,4,01,MATE,SIBLING,1,70,河北省,CONSUME,01,,39.37418758812307,115.93685949358,ANDROID,,0
100000,102,泉州市,康腾技术信息有限公司,Z,90,APP,2,52.8,M,汉,357,2,01,CHILDREN,RELATIVES,1,70,福建省,CONSUME,02,,24.9908763615193,118.84736367895833,ANDROID,,0
100000,302,镇江市,鸿泰钢铁有限公司,C,24,APP,2,28.2,M,汉,2119,3,01,MATE,FRIENDS,1,86.185,江苏省,CONSUME,01,,32.11351731186747,119.50022629369937,ANDROID,,0
100000,307,汕尾市,陈要杰个人工作室,Z,90,XCX,2,37.9,M,汉,4153,3,01,FATHER,FRIENDS,2,70,广东省,CONSUME,01,,22.912818602949938,113.04166886967231,ANDROID,,0
100000,301,松原市,番茄田儿童美术,C,24,XCX,4,31.5,F,汉,1582,4,,FRIENDS,PARENTS,2,80.2266,吉林省,CONSUME,02,,45.1453873487229,124.8608353543426,IOS,,0
100000,102,广元市,江油市三力钻井工程有限公司,Z,90,APP,3,24.8,M,汉,1616,2,01,SIBLING,FATHER,2,70,四川省,CONSUME,02,,29.368347144982719,104.53437685433804,ANDROID,,0
100000,102,南通市,苏州工业园区金源装饰有限司,E,24,APP,2,36.9,M,汉,4493,3,01,MATE,FRIENDS,1,84.415,江苏省,CONSUME,01,,31.300649362912379,121.38651089169145,ANDROID,,0
100000,103,宜春市,杭州万年春体育用品有限公司,C,24,APP,2,28.1,M,汉,510,2,01,FRIENDS,FRIENDS,2,90.69,江西省,CONSUME,01,,27.718467790261227,120.5878156000117,ANDROID,,1
100000,105,衡阳市,挖机经营,H,54,XCX,2,36.1,M,汉,6413,2,01,SIBLING,SIBLING,1,95.072,湖南省,CONSUME,01,,27.219860873719275,112.56060491747326,ANDROID,,0
100000,103,茂名市,茂名市健群药业有限公司,M,11,APP,3,45.0,M,汉,2941,4,01,MATE,FRIENDS,1,86.225555,广东省,CONSUME,01,,21.667872753890344,110.63959996647233,ANDROID,,0
100000,103,辽源市,黄花店中学,P,13,XCX,4,25.2,F,汉,2291,2,,FATHER,RELATIVES,2,90.175,吉林省,CONSUME,03,,23.728717002022557,114.7262152063732,IOS,,0
100000,105,贵港市,润庆网络工程有限公司,Z,90,XCX,3,39.0,M,壮,3595,2,01,MATE,FATHER,1,70,广西壮族自治区,CONSUME,01,,23.1258039115441,109.60483701689408,IOS,,0
100000,102,泰州市,江苏利德门窗有限公司,C,24,APP,2,50.6,M,汉,617,2,01,FRIENDS,FRIENDS,1,70,江苏省,CONSUME,01,,32.926482862266848,119.9482040399993,ANDROID,,0
100000,102,成都市,四川省成都市教育局,Z,90,APP,3,44.7,F,汉,833,2,01,SIBLING,FRIENDS,1,89.787,四川省,CONSUME,01,,30.81139878253682,103.90729535467119,ANDROID,,0
100000,105,潍坊市,山东和美欣动物药业有限公司,Z,90,APP,2,33.5,F,汉,6578,3,01,MATE,FRIENDS,1,95.072,山东省,CONSUME,01,,36.38737349406754,119.80644319162737,ANDROID,,0
100000,104,抚州市,康家花园,H,54,APP,2,41.0,F,汉,3347,4,01,SIBLING,SIBLING,1,70,江西省,CONSUME,02,,29.285525232641239,117.23223699888254,ANDROID,,0
100000,103,天津市,天津市海河医院,Z,90,APP,3,24.8,F,汉,2088,2,01,FRIENDS,COLLEAGUE,2,70,天津市,CONSUME,01,,38.95660633233217,117.34446006306428,ANDROID,,0
100000,102,毕节市,宁波兴加成有限责任公司,Z,90,XCX,3,29.7,M,汉,885,3,01,PARENTS,SIBLING,1,70,贵州省,CONSUME,01,,29.942363821155128,121.76084931791653,ANDROID,,0
100000,102,绍兴市,浙江省杭州市甬绍金衢管道有限公司,Z,90,XCX,3,35.8,M,汉,6773,2,,PARENTS,FRIENDS,2,80.305,浙江省,CONSUME,01,,29.69364241729144,120.17371051952486,ANDROID,,0
100000,104,文昌市,私营业主,Z,90,APP,3,36.0,M,汉,5577,4,01,MATE,FRIENDS,1,93.0,海南省,CONSUME,01,,20.15369322842094,110.68872436171083,ANDROID,,0
100000,102,安康市,汉滨区吉河镇中心卫生院,Q,11,APP,3,52.0,F,汉,2364,4,01,SIBLING,CHILDREN,1,91.953,陕西省,CONSUME,01,,32.56078779503082,108.9964558554898,ANDROID,,0
100000,103,通化市,中国平安人寿保险股份有限公司通化支公司,J,13,APP,4,46.4,F,汉,356,3,01,MOTHER,SIBLING,1,88.853,吉林省,CONSUME,01,,41.71470225973588,125.94992321376361,ANDROID,,0
100000,102,金华市,杭州四有商务服务有限公司,L,17,APP,3,35.5,M,汉,5020,4,01,SIBLING,MOTHER,3,70,浙江省,CONSUME,01,,30.351003727650775,120.08581926812127,ANDROID,,1
100000,102,上饶市,兴隆超市,H,54,APP,2,39.4,M,汉,4782,2,01,PARENTS,FRIENDS,1,70,江西省,CONSUME,01,,28.446284204369144,117.980912071053,ANDROID,,0
100000,103,南充市,天使之家国际幼稚园,Z,90,APP,2,50.8,F,汉,1244,4,01,MATE,SIBLING,2,70,四川省,CONSUME,01,,31.352744250567154,106.06098106067182,ANDROID,,0
100000,105,广元市,同展益咨询服务公司,J,13,APP,3,37.0,F,汉,4844,2,01,MATE,SIBLING,1,70,四川省,CONSUME,01,,30.68702394656985,103.89350623624205,ANDROID,,0
100000,104,张家界市,广州市新点食品有限公司,C,24,APP,2,52.2,M,土家,928,3,,MATE,MATE,1,92.796,湖南省,CONSUME,03,,23.418311283283633,113.90579075425193,ANDROID,,0
100000,105,重庆市,重庆方怡汽车销售有限公司,Z,90,APP,2,29.6,M,汉,2207,2,01,FATHER,FRIENDS,2,87.248,重庆市,CONSUME,01,,29.587572043417969,106.60957687569204,ANDROID,,0
100000,105,安庆市,合肥美的暖通设备有限公司,C,24,XCX,2,35.3,M,汉,4071,2,01,RELATIVES,FRIENDS,1,70,安徽省,CONSUME,01,,30.623284832522605,116.74316686056257,ANDROID,,0
100000,105,焦作市,曹悦个人工作室,Z,90,APP,4,31.1,F,回,5486,2,01,MATE,FRIENDS,1,84.68633,河南省,CONSUME,01,,35.235125250073988,113.24148872595024,IOS,,0
100000,301,徐州市,云龙区知晓图书,H,54,APP,3,54.7,M,汉,689,3,01,RELATIVES,FRIENDS,1,70,江苏省,CONSUME,01,,34.26465212915283,117.18197214952559,ANDROID,,0
100000,105,杭州市,Dk服饰,H,54,APP,2,42.7,F,苗,5375,4,,SIBLING,RELATIVES,1,70,浙江省,CONSUME,01,,30.431097163671035,120.32206282470868,ANDROID,,0
100000,105,黑河市,爱辉区商务局,S,11,APP,3,44.2,M,满,3926,2,,FATHER,MATE,1,70,黑龙江省,CONSUME,01,,50.24793806140464,127.52297926568211,ANDROID,,0
100000,310,金华市,金华爆爆龙科技公司,C,24,XCX,3,35.6,F,汉,5298,2,01,FATHER,FATHER,1,70,浙江省,CONSUME,01,,29.03908344093577,119.6978227266799,IOS,,0
100000,103,盐城市,郭猛服装厂,C,24,APP,3,39.8,F,汉,4034,4,01,RELATIVES,FRIENDS,1,70,江苏省,CONSUME,01,,33.25134030695128,120.0406805595436,ANDROID,,0
100000,105,伊春市,黑龙江宾馆,Z,90,APP,3,38.2,M,汉,3248,2,01,FRIENDS,MATE,1,70,黑龙江省,CONSUME,01,,39.920658528045098,116.36856896339825,ANDROID,,0
100000,102,汉中市,汉中民乐舒适家设备有限公司,C,24,XCX,3,28.7,M,汉,2085,4,01,MATE,RELATIVES,1,89.095,陕西省,CONSUME,01,,33.09745754267227,107.06214807852006,ANDROID,,1
100000,102,湛江市,广东电网公司,D,17,APP,4,34.3,M,汉,6112,2,01,FRIENDS,MOTHER,2,91.616,广东省,CONSUME,02,,21.245963627787647,110.41201885856349,ANDROID,,0
100000,403,吉林市,蛟河德仁医院,Q,11,APP,4,39.7,F,满,2758,4,01,PARENTS,RELATIVES,1,70,吉林省,CONSUME,01,,43.73052780078643,127.33216509991115,ANDROID,,0
100000,103,邢台市,临西县双冠轴承经销部,C,24,APP,2,47.7,M,汉,86,4,01,MATE,RELATIVES,1,70,河北省,CONSUME,01,,36.87932225793149,115.51749537139296,ANDROID,,0
100000,309,西安市,利君制药有限责任公司,M,11,APP,3,31.3,M,汉,5454,4,01,PARENTS,COLLEAGUE,2,90.527,陕西省,CONSUME,01,,34.2886767654871,109.00716754701569,ANDROID,,0
100000,310,上海市,庒信万丰上海化工有限公司,C,24,APP,2,48.8,M,汉,4681,2,01,FATHER,FRIENDS,1,90.0,上海市,CONSUME,01,,31.017951461637499,121.23197287805458,ANDROID,,0
100000,104,绥宁县,桂阳本力电子有限公司,G,13,APP,3,34.3,M,汉,134,2,01,MATE,RELATIVES,2,94.253,湖南省,CONSUME,02,,25.692839014982533,112.74832488901909,ANDROID,,0
100000,102,平顶山市,平顶山微医医院有限公司,Q,11,XCX,4,35.0,F,汉,5188,4,01,SIBLING,FRIENDS,1,70,河南省,CONSUME,01,,33.76397912762374,113.22236376963727,ANDROID,,1
100000,102,滨州市,滨州市择壹影视文化传媒有限公司,R,17,APP,4,34.4,M,汉,4332,4,01,MATE,RELATIVES,1,92.55373,山东省,CONSUME,01,,37.38704087968015,118.02652611532497,IOS,,0
100000,102,北京市,北京燃气第五分公司,Z,90,APP,3,26.6,M,汉,7209,3,01,MOTHER,FRIENDS,2,88.581,北京市,CONSUME,01,,39.97476634822902,116.28284015543213,ANDROID,,0
100000,103,营口市,大石桥市官屯镇人民政府,S,11,APP,4,36.7,M,汉,4486,4,01,MOTHER,COLLEAGUE,1,88.337,辽宁省,CONSUME,01,,40.671662514099569,122.53251853319869,ANDROID,,0
100000,102,重庆市,重庆市江北区龙阳印务有限公司,C,24,XCX,2,31.2,M,汉,216,2,01,MATE,FRIENDS,1,70,重庆市,CONSUME,01,,29.576359712995047,106.57432629606157,ANDROID,,0
100000,105,孝感市,龙华物流公司,F,17,APP,2,51.9,M,汉,641,2,01,MATE,FRIENDS,1,93.0,湖北省,CONSUME,01,,30.929178640858234,113.93555401605254,ANDROID,,1
100000,104,上海市,上海结建建筑设计有限公司,Z,90,APP,4,39.4,F,汉,4066,4,01,MATE,COLLEAGUE,1,87.973,上海市,CONSUME,01,,31.275031625579467,121.47038396553897,ANDROID,,0
100000,105,福州市,福州市鼓楼区爱慕理发店,H,54,XCX,2,40.8,F,汉,4156,4,01,MATE,RELATIVES,1,93.793,福建省,CONSUME,01,,26.08117687303616,119.29969711642227,ANDROID,,0
100000,103,湘西土家族苗族自治州,覃菡个人工作室,Z,90,APP,2,30.1,F,土家,169,2,01,SIBLING,MATE,1,70,湖南省,CONSUME,01,,28.428469979923937,109.80932170308954,ANDROID,,0
100000,103,商丘市,乐山市中心城区傲业副食店,H,54,XCX,2,32.8,M,汉,4905,2,01,FATHER,FRIENDS,2,70,河南省,CONSUME,01,,29.571861354306248,103.76934826551751,ANDROID,,0
100000,105,池州市,上海南嫣建设工程有限公司,E,24,APP,2,34.2,M,汉,5102,3,01,RELATIVES,MATE,1,70,安徽省,CONSUME,01,,31.138444,121.4766,ANDROID,,0
100000,105,成都市,薛佳浩个人工作室,Z,90,XCX,4,29.7,M,汉,1154,2,01,FATHER,FRIENDS,2,92.74741,四川省,CONSUME,01,,30.840852959134993,104.0260133326236,IOS,,0
100000,103,威海市,荣成市顺发水产食品有限公司,Z,90,APP,3,37.1,F,汉,4170,4,01,COLLEAGUE,COLLEAGUE,1,91.01562,山东省,CONSUME,01,,36.963571814079319,122.45656316599325,ANDROID,,0
100000,103,十堰市,农夫山泉,H,54,APP,3,36.1,F,汉,6138,2,01,MATE,FATHER,1,77.623,湖北省,CONSUME,01,,32.551809634682459,111.52485357606887,ANDROID,,0
100000,403,江门市,开平市长沙婆婆那辈的美食店,I,54,APP,4,47.0,F,汉,209,4,01,RELATIVES,SIBLING,1,95.072,广东省,CONSUME,01,,22.593542344904166,113.07146180071338,ANDROID,,0
100000,102,邯郸市,邯郸市金都冷鲜肉,H,54,APP,2,43.4,M,汉,3721,4,01,MATE,COLLEAGUE,1,90.502,河北省,CONSUME,02,,36.65508040037894,114.63048717045311,ANDROID,,1
100000,102,运城市,三弟飞飞空间设计有限公司,H,54,APP,3,32.5,M,汉,6647,2,,FATHER,FRIENDS,1,90.722,山西省,CONSUME,02,,34.32021749784187,108.98773435409564,IOS,,0
100000,102,昆明市,云南建源电力器材有限公司,Z,90,XCX,4,39.0,M,汉,2847,4,01,MATE,FRIENDS,1,70,云南省,CONSUME,02,,25.294971719901029,103.18787186943664,ANDROID,,0
100000,105,济南市,黄大铁路,F,17,APP,3,38.0,M,汉,4519,4,01,PARENTS,MATE,3,70,山东省,CONSUME,01,,36.65791398360265,117.20632890815777,ANDROID,,0
100000,102,丽水市,陈礼阳个人工作室,Z,90,APP,2,48.0,M,汉,455,4,01,MATE,SIBLING,2,70,浙江省,CONSUME,01,,28.72088452978521,120.05285827403127,ANDROID,,0
100000,105,秦皇岛市,王德财个人工作室,Z,90,APP,2,53.5,M,满,651,2,01,CHILDREN,MATE,1,78.311,河北省,CONSUME,01,,40.383984367444,119.10080749922594,ANDROID,,0
100000,103,济宁市,青岛德诺海豚科技发展有限公司,Z,90,XCX,4,29.8,F,汉,440,4,,MATE,FRIENDS,2,84.271,山东省,CONSUME,04,,36.307620124611258,120.40234744042295,ANDROID,,0
100000,102,乐山市,巴德士艺术漆,R,17,APP,3,23.9,M,汉,1485,2,,MATE,SIBLING,1,70,四川省,CONSUME,01,,29.60880064357673,103.75561620354083,ANDROID,,0
100000,105,南通市,南通嘟嘟贸易发展有限公司,Z,90,APP,2,35.4,M,汉,5601,2,01,MATE,FRIENDS,1,86.355,江苏省,CONSUME,01,,32.064221480024148,121.11108003587299,ANDROID,,0
100000,103,聊城市,广盛源建筑工程有限公司,E,24,APP,2,39.7,M,汉,3885,3,01,MATE,MOTHER,1,89.789,山东省,CONSUME,01,,34.76154012120533,113.79787763297867,ANDROID,,0
100000,104,聊城市,阳明实验幼儿园,P,13,XCX,4,27.6,F,汉,1030,2,01,FATHER,COLLEAGUE,1,89.956,山东省,CONSUME,01,,36.45029756396132,116.02582416451387,IOS,,0
100000,308,白银市,上海拉扎斯信息科技有限公司,F,17,APP,3,37.9,M,汉,5139,2,01,SIBLING,MATE,1,70,甘肃省,CONSUME,02,,36.08669579096043,103.72687918290245,ANDROID,,0
100000,105,吉林市,张博涵个人工作室,Z,90,APP,2,22.9,M,汉,3076,2,01,FATHER,RELATIVES,2,92.605,吉林省,CONSUME,01,,42.95331699480058,126.0699298798256,IOS,,0
100000,103,许昌市,河南清鸿建设咨询有限公司,L,17,APP,2,47.3,M,汉,5010,2,01,SIBLING,FRIENDS,1,70,河南省,CONSUME,01,,34.16126952814209,113.67476378032883,ANDROID,,0
100000,309,西安市,西安慕斯特网络科技有限公司,G,13,XCX,4,35.0,M,汉,5145,4,01,MOTHER,RELATIVES,2,89.965,陕西省,CONSUME,01,,34.131413077967547,108.95055088099466,ANDROID,,0
100000,301,茂名市,玛麟国际货物运输代理上海有限公司,F,17,XCX,3,37.0,F,汉,3770,4,01,SIBLING,RELATIVES,1,70,广东省,CONSUME,01,,22.232753324298679,110.8796555581614,IOS,,0
100000,102,延边朝鲜族自治州,运开工艺,H,54,APP,3,51.0,F,汉,1447,4,01,FATHER,FRIENDS,1,98.0,吉林省,CONSUME,01,,42.88646410456532,129.51322173944747,ANDROID,,0
100000,304,大连市,邢光军个人工作室,Z,90,XCX,4,47.0,M,汉,1956,3,,MATE,SIBLING,1,89.335,辽宁省,CONSUME,02,,39.900476584604607,116.31853485045217,ANDROID,,0
100000,105,毕节市,高瑞超市,H,54,APP,2,36.2,M,汉,5060,3,01,MATE,SIBLING,1,70,贵州省,CONSUME,01,,27.0736263641361,104.99879287019818,ANDROID,,0
100000,102,邢台市,自营门市,Z,90,APP,4,29.9,F,汉,2168,4,01,SIBLING,FRIENDS,2,83.156,河北省,CONSUME,01,,37.23033662335476,115.05599528709124,ANDROID,,0
100000,102,肇庆市,海燕发大夫,Z,90,APP,2,33.3,F,汉,6291,4,01,SIBLING,FRIENDS,1,70.329,广东省,CONSUME,01,,23.016961075807065,112.45074800751141,ANDROID,,0
100000,104,哈尔滨市,东莞市台格装饰设计工程有限公司,E,24,XCX,2,38.8,F,汉,4345,4,,SIBLING,MOTHER,3,81.132,黑龙江省,CONSUME,04,,22.990361079084374,114.05735796291396,ANDROID,,0
100000,105,承德市,私营业主,Z,90,APP,2,38.4,M,满,5285,3,01,MATE,FRIENDS,1,93.0,河北省,CONSUME,01,,40.96433424992614,117.98377091916899,ANDROID,,0
100000,403,黔西南布依族苗族自治州,义乌市振华塑料厂,C,24,APP,2,38.0,M,布依,4400,2,01,MOTHER,CHILDREN,1,85.58,贵州省,CONSUME,01,,27.80718681722759,114.70909060226397,ANDROID,,0
100000,103,衡阳市,衡南县鸡笼镇中学,P,13,APP,4,50.3,M,汉,378,2,01,MATE,FRIENDS,1,81.362366,湖南省,CONSUME,01,,26.84567780108535,112.2478383874809,ANDROID,,0
100000,105,常德市,洞庭制药厂,M,11,APP,2,37.7,F,汉,3940,2,01,MATE,MOTHER,1,90.283,湖南省,CONSUME,01,,28.747514618233827,111.71583544810739,ANDROID,,0
100000,103,信阳市,保定奥烁信息技术有限,Z,90,XCX,3,24.6,M,汉,2207,4,01,FATHER,FRIENDS,2,89.685,河南省,CONSUME,01,,24.87045557386687,118.66552982362788,IOS,,0
100000,102,怀化市,北京麦特卫科技发展有限公司,G,13,APP,4,43.1,M,汉,4656,4,01,FATHER,MATE,1,70,湖南省,CONSUME,01,,39.398954927093097,117.07379822337865,ANDROID,,0
100000,102,天津市,中国建设银行股份有限公司天津南开支行,J,13,APP,4,42.8,M,汉,3732,2,01,FATHER,COLLEAGUE,2,70,天津市,CONSUME,01,,23.264513403130555,113.28119608369116,ANDROID,,0
100000,104,成都市,成都市成华区金诚汽修厂,Z,90,XCX,2,45.2,F,汉,3211,3,01,MATE,SIBLING,1,70,四川省,CONSUME,01,,30.648734986533144,104.24068610889988,ANDROID,,0
100000,102,南平市,个体经营,Z,90,APP,2,43.0,M,汉,1613,2,01,FATHER,FRIENDS,1,70,福建省,CONSUME,01,,24.706441302237,118.59245356166685,ANDROID,,0
100000,102,昆明市,通正百货店,H,54,APP,2,39.8,M,汉,5441,4,,FATHER,RELATIVES,1,70,云南省,CONSUME,01,,24.65435157384308,102.61821858113658,ANDROID,,0
100000,103,上海市,上海市棉购家居用品有限公司,C,24,APP,2,48.7,F,汉,5090,4,01,MATE,COLLEAGUE,1,70,上海市,CONSUME,01,,31.009422371850265,121.42318806967417,ANDROID,,0
100000,103,淮安市,迪尼格雅,H,54,APP,3,37.9,M,汉,6305,2,01,RELATIVES,FATHER,1,86.017,江苏省,CONSUME,01,,33.40928531526844,119.04330685933039,ANDROID,,0
100000,102,上海市,上海市眠狮科技有限公司,G,13,APP,4,28.6,M,汉,6478,4,01,FATHER,FRIENDS,2,79.33955,上海市,CONSUME,01,,31.18941377313905,121.44541499003003,ANDROID,,1
100000,102,滨州市,郭仁凯个人工作室,Z,90,XCX,3,26.9,M,汉,1333,4,01,MATE,OTHER,2,93.14208,山东省,CONSUME,01,,37.41212482505647,118.42276271084559,IOS,,0
100000,102,商丘市,郑州招商银行信用卡,J,13,XCX,3,29.7,M,汉,6742,2,01,COLLEAGUE,SIBLING,2,81.714,河南省,CONSUME,01,,34.64983318522926,115.15677383171226,ANDROID,,1
100000,105,杭州市,浙江国富装饰,E,24,XCX,3,29.6,M,畲,1536,4,01,PARENTS,FRIENDS,2,95.072,浙江省,CONSUME,01,,30.306722039518925,120.10813643196701,ANDROID,,0
100000,105,南通市,大公建设,E,24,APP,4,36.7,M,汉,5181,4,01,FRIENDS,FATHER,2,100.0,江苏省,CONSUME,01,,32.54924520755821,120.49065451304696,IOS,,0
100000,102,信阳市,根子酒馆,I,54,APP,2,39.9,F,汉,4087,3,01,MATE,FRIENDS,1,70,河南省,CONSUME,02,,31.79980623918328,115.41991773249302,ANDROID,,0
100000,102,南阳市,涞水县宏盛轩工艺品店,H,54,APP,2,48.5,M,汉,3596,3,01,MATE,FRIENDS,1,70,河南省,CONSUME,01,,39.394699167140519,115.74610995878864,ANDROID,,1
100000,103,济源市,南阳职业学院,P,13,APP,3,25.8,M,汉,1388,3,01,SIBLING,COLLEAGUE,2,86.199196,河南省,CONSUME,02,,33.36002302882633,111.49243330565362,ANDROID,,0
100000,301,宁波市,莆田市圣祥汽车服务中心,Z,90,XCX,2,48.1,M,汉,48,3,01,OTHER,COLLEAGUE,1,77.63408,浙江省,CONSUME,01,,25.47039049381055,119.11317464532617,ANDROID,,1
100000,102,茂名市,东莞市茶山捷兴橡胶厂,Z,90,APP,4,32.9,M,汉,236,4,01,OTHER,OTHER,2,79.67938,广东省,CONSUME,01,,23.07195429238754,113.86798652528529,ANDROID,,0
100000,105,咸阳市,江阴怡源设备安装有限公司,E,24,APP,2,39.8,M,汉,3674,2,01,MATE,FRIENDS,2,70,陕西省,CONSUME,01,,31.235792969723059,118.21044218718919,ANDROID,,0
100000,104,临汾市,临汾市综合检验检测中心,L,17,APP,4,31.5,M,汉,6804,4,01,MATE,SIBLING,1,85.481,山西省,CONSUME,01,,36.08205103783762,111.57226294892291,ANDROID,,0
100000,102,廊坊市,天辰建筑有限公司,E,24,XCX,2,31.0,M,汉,5783,4,01,FATHER,SIBLING,2,87.989,河北省,CONSUME,02,,39.37337597434609,116.43265188321021,ANDROID,,0
100000,104,齐齐哈尔市,讷河市讷南镇政府,S,11,APP,3,53.9,M,汉,99999,2,01,MATE,SIBLING,1,70,黑龙江省,CONSUME,02,,40.038670616755258,116.63377060260852,ANDROID,,0
100000,105,长沙市,长沙合力电力安装工程有限公司,E,24,APP,3,48.6,M,汉,4089,3,01,MATE,FRIENDS,1,70,湖南省,CONSUME,01,,28.251818487944463,113.08755916595523,ANDROID,,0
100000,403,青岛市,青岛汇泉王朝大饭店有限公司,I,54,XCX,3,43.2,M,汉,3772,2,01,MATE,FATHER,1,70,山东省,CONSUME,01,,36.062440831136537,120.35652406442613,ANDROID,,0
100000,309,南通市,江苏蓝丝羽家用纺织品有限公司,C,24,APP,2,52.6,M,汉,258,2,,RELATIVES,COLLEAGUE,1,91.667,江苏省,CONSUME,01,,31.958965462127144,121.07394336967214,ANDROID,,0
100000,104,南京市,江心洲街道办事处,Z,90,APP,3,37.8,M,汉,4001,2,,COLLEAGUE,MATE,1,70,江苏省,CONSUME,04,,32.05074207378563,118.72770946262266,ANDROID,,0
100000,105,驻马店市,福建省速鸿物流有限公司,F,17,APP,2,43.4,F,汉,4766,3,01,MATE,COLLEAGUE,1,70,河南省,CONSUME,01,,34.532145504496778,113.68029725953964,ANDROID,,0
100000,102,眉山市,成都金慧融智数据服务有限公司,G,13,APP,4,36.7,M,汉,4423,3,01,MATE,FRIENDS,1,82.14332,四川省,CONSUME,02,,30.532488681233926,104.0901716034898,ANDROID,,0
100000,102,定西市,甘肃中粮可口可乐饮料有限公司,C,24,XCX,3,37.9,F,汉,3084,4,01,PARENTS,MATE,1,70,甘肃省,CONSUME,01,,39.76622699730714,98.31251617899365,ANDROID,,0
100000,102,安顺市,黔冠瑞臣花园,I,54,XCX,4,25.5,M,汉,1457,3,01,FATHER,FRIENDS,2,75.403854,贵州省,CONSUME,01,,26.425347411521597,106.68501012099827,ANDROID,,1
100000,102,上海市,上海市埃宝机械,C,24,APP,2,50.3,M,汉,99999,2,01,SIBLING,FRIENDS,1,88.774,上海市,CONSUME,01,,30.911408818247453,121.63733898307916,ANDROID,,1
100000,103,信阳市,威海沐潦咖啡有限公司,I,54,APP,3,28.7,F,汉,818,2,01,CHILDREN,FRIENDS,2,100.0,河南省,CONSUME,01,,37.50513925269801,122.12346562938478,IOS,,0
100000,105,攀枝花市,四川攀枝花仁和尤静货运服务部,F,17,APP,3,43.3,M,汉,3227,2,01,MATE,FRIENDS,1,70,四川省,CONSUME,02,,26.50793353682064,101.74251847449198,ANDROID,,0
100000,104,黄冈市,英山县长安建筑有限公司,E,24,APP,3,38.7,M,汉,3773,3,01,SIBLING,FATHER,2,70,湖北省,CONSUME,02,,30.75662852497921,115.68190735110224,ANDROID,,0
100000,103,烟台市,烟台市牟平区兴苑纸业有限公司,C,24,APP,4,40.0,M,汉,3917,2,01,PARENTS,SIBLING,1,70,山东省,CONSUME,01,,37.375831904402357,121.56679832545048,ANDROID,,0
100000,103,连云港市,水产养殖,A,27,APP,2,49.1,M,汉,4096,2,01,SIBLING,FRIENDS,1,70,江苏省,CONSUME,01,,34.35626098263839,119.62043368391686,ANDROID,,0
100000,105,金华市,宁波瑞王公司,Z,90,APP,2,49.5,M,汉,494,2,,MATE,SIBLING,1,70,浙江省,CONSUME,01,,29.108451981179394,120.46517312573025,ANDROID,,1
100000,103,邵阳市,湖南峰峦测绘设计有限公司,M,11,APP,3,50.7,F,汉,3694,4,01,MATE,SIBLING,1,82.431,湖南省,CONSUME,02,,26.73071223871326,110.65907088233065,ANDROID,,1
100000,105,漯河市,胡芳芳个人工作室,Z,90,XCX,2,37.8,F,汉,6544,4,01,MATE,FATHER,1,70,河南省,CONSUME,01,,33.600756945226468,114.04054598405894,ANDROID,,0
100000,105,梅州市,新安街道办文汇社区工作站,S,11,APP,3,41.0,M,汉,4038,3,01,MATE,COLLEAGUE,1,77.0588,广东省,CONSUME,01,,22.56390801523017,113.88785634751685,ANDROID,,0
100000,103,马鞍山市,墨者装饰工程有限公司,E,24,APP,2,36.3,M,汉,6265,4,01,MATE,COLLEAGUE,1,86.643,安徽省,CONSUME,01,,31.78129482807152,118.37452565086774,ANDROID,,0
100000,102,广州市,广东新华发行集团荟阅文化传播有限公司,Z,90,APP,3,30.4,F,汉,5769,2,,PARENTS,SIBLING,2,81.614,广东省,CONSUME,04,,23.170649099737614,113.35666321697505,ANDROID,,0
100000,102,阜新市,杨帅个人工作室,Z,90,APP,4,33.5,M,汉,6005,2,01,COLLEAGUE,FRIENDS,2,95.763,辽宁省,CONSUME,01,,42.000404556735777,121.65750129645805,ANDROID,,0
100000,103,齐齐哈尔市,山海关乐嘉便利店,H,54,APP,2,43.7,M,汉,1160,2,01,MATE,MOTHER,1,93.986,黑龙江省,CONSUME,02,,40.0045740778893,119.76312453804947,ANDROID,,0
100000,403,唐山市,天津市宝坻区方家庄镇贺一堂大药房,H,54,APP,4,25.2,F,汉,2090,4,01,MATE,COLLEAGUE,1,78.3,河北省,CONSUME,01,,39.73716667107524,117.44346395299005,ANDROID,,1
100000,103,大连市,大连屿鲜堂海产品销售商行,H,54,APP,4,43.0,M,汉,4313,4,,SIBLING,FATHER,1,70,辽宁省,CONSUME,01,,38.861644,121.530897,ANDROID,,0
100000,307,常德市,湖南省绘蓝物业服务有限公司,Z,90,XCX,2,39.1,M,汉,3249,3,01,FATHER,FATHER,1,70,湖南省,CONSUME,01,,29.439965710552027,111.63218675822522,ANDROID,,0
100000,102,常州市,溧阳八佰伴,H,54,APP,3,31.5,F,汉,7081,4,01,PARENTS,MATE,2,89.099,江苏省,CONSUME,01,,31.42096855884865,119.47198421520484,ANDROID,,0
100000,103,南通市,周红娟个人工作室,Z,90,XCX,2,42.3,F,汉,6172,4,01,FATHER,FRIENDS,1,92.013,江苏省,CONSUME,01,,32.09869221188997,120.61625199228983,ANDROID,,0
100000,103,中山市,中山市香巴拉金属制品有限公司,Z,90,XCX,2,40.0,F,汉,4491,2,01,FATHER,FATHER,1,70,广东省,CONSUME,01,,22.67240546200153,113.23236449542262,IOS,,0
100000,105,邵阳市,深圳市四季发物流有限公司,F,17,XCX,2,47.0,M,汉,3848,2,01,MATE,FRIENDS,1,78.26313,湖南省,CONSUME,01,,22.685710059548954,113.80636709338151,ANDROID,,0
100000,105,黄冈市,武汉凯文童创科技有限公司,G,13,APP,3,36.2,M,汉,3730,3,,MATE,PARENTS,1,70,湖北省,CONSUME,01,,30.38156421818202,114.32855126446022,ANDROID,,0
100000,103,洛阳市,中乾网络科技有限公司,G,13,APP,2,37.3,F,汉,5950,4,01,MATE,FRIENDS,1,78.01953,河南省,CONSUME,01,,34.741422293023088,112.42185516667802,ANDROID,,0
100000,104,常州市,常州沃特环境建设投资有限公司,E,24,APP,4,40.8,M,汉,4866,3,01,MATE,COLLEAGUE,1,76.31145,江苏省,CONSUME,01,,31.726289628267993,119.95267290071256,ANDROID,,0
100000,102,石家庄市,河北恒金化工科技有限公司,C,24,APP,2,37.7,F,汉,4581,2,01,CHILDREN,MATE,1,70,河北省,CONSUME,01,,38.012168856822928,115.09271290797649,ANDROID,,0
100000,105,毕节市,毕节市平安安防科技有限责任公司,G,13,XCX,4,44.1,M,汉,4450,4,01,MATE,COLLEAGUE,2,99.0,贵州省,CONSUME,01,,27.30114526490235,105.30453058011301,ANDROID,,0
100000,105,宜宾市,中通快递,F,17,APP,2,24.3,M,汉,1254,4,01,FATHER,RELATIVES,2,70,四川省,CONSUME,01,,29.569774124568256,106.31190589265305,ANDROID,,0
100000,102,大连市,大连泓韵文化传媒有限公司,Z,90,XCX,4,33.4,M,汉,4846,4,01,FRIENDS,MATE,1,70,辽宁省,CONSUME,01,,39.0714502655357,121.87715721452989,ANDROID,,0
100000,103,潍坊市,晨鸣纸业有限公司,Z,90,APP,2,28.8,F,汉,538,4,,MATE,FRIENDS,2,70,山东省,CONSUME,01,,37.03345683365583,118.98441824410998,ANDROID,,0
100000,103,濮阳市,河南省濮阳市人民医院,Q,11,APP,3,44.9,M,汉,3632,3,01,SIBLING,FATHER,1,70,河南省,CONSUME,01,,35.768453267246957,115.03736786584523,ANDROID,,0
100000,105,清远市,广东统塑管业有限公司,C,24,XCX,3,41.1,M,汉,4508,3,01,PARENTS,COLLEAGUE,1,70,广东省,CONSUME,01,,23.704022037924877,113.06947663536754,ANDROID,,0
100000,103,天津市,饿了么蜂鸟即配,Z,90,XCX,4,29.5,F,汉,630,4,01,PARENTS,SIBLING,2,70,天津市,CONSUME,01,,39.20386224502896,117.15009823159842,ANDROID,,0
100000,102,达州市,晶黄装饰有限公司,M,11,APP,4,25.9,M,汉,1581,3,01,PARENTS,FRIENDS,2,70,四川省,CONSUME,01,,31.19983142170126,107.51683015234353,ANDROID,,0
100000,105,湛江市,粤达汽车运输有限公司,F,17,XCX,2,53.5,M,汉,4297,2,01,MATE,COLLEAGUE,1,70,广东省,CONSUME,01,,25.283741197428637,110.27578270703461,ANDROID,,0
100000,105,哈尔滨市,黑龙江省娜妃文化传媒有限公司,Z,90,APP,4,34.3,F,汉,4916,2,01,FRIENDS,MOTHER,1,91.32,黑龙江省,CONSUME,01,,45.7755386832097,126.61072231232919,ANDROID,,0
100000,105,合肥市,中国太平洋人寿保险合肥中心支公司,J,13,APP,3,35.6,M,汉,3960,4,01,COLLEAGUE,COLLEAGUE,2,70,安徽省,CONSUME,01,,30.081380910710395,120.22113976500248,ANDROID,,0
100000,104,无锡市,繁泓汽车销售服务有限公司,Z,90,APP,4,32.8,M,汉,491,4,01,OTHER,FRIENDS,1,99.0,江苏省,CONSUME,01,,31.56513693360791,120.24861717841098,ANDROID,,0
100000,104,沧州市,河北省南皮县中医医院,Z,90,XCX,4,40.6,M,汉,2003,2,01,COLLEAGUE,MATE,1,70,河北省,CONSUME,01,,38.059462604953029,116.7235595412668,ANDROID,,0
100000,105,长春市,屈臣氏有限公司,H,54,APP,2,40.4,F,汉,4893,2,01,PARENTS,FRIENDS,1,70,吉林省,CONSUME,01,,43.90993627742846,125.34419116102915,ANDROID,,0
100000,103,资阳市,鸿运家常菜,Z,90,APP,2,40.5,M,汉,4984,4,01,SIBLING,FRIENDS,1,70,四川省,CONSUME,02,,30.72582388743438,104.07211717970178,ANDROID,,0
100000,309,商洛地区,福建顺欣物业有限公司,L,17,XCX,3,44.5,M,汉,2225,3,01,MATE,RELATIVES,1,76.33952,陕西省,CONSUME,01,,28.116618103005505,113.0223743778423,ANDROID,,0
100000,104,天津市,天津百诚阀门制造股份有限公司,C,24,APP,3,37.7,M,汉,4206,3,01,FRIENDS,FRIENDS,1,77.016,天津市,CONSUME,01,,39.07774415895042,117.07925451109964,ANDROID,,0
100000,103,青岛市,西海岸市政集团,E,24,XCX,3,48.2,F,汉,99999,4,01,RELATIVES,RELATIVES,1,82.921,山东省,CONSUME,01,,35.6642068093219,119.58042228305821,IOS,,0
100000,104,苏州市,苏州海创科技有限公司,G,13,XCX,3,44.3,F,汉,1402,4,,FATHER,FRIENDS,1,85.929,江苏省,CONSUME,01,,31.170045022847679,120.54725523169718,ANDROID,,0
100000,105,黔南布依族苗族自治州,唛宜德有限公司,H,54,APP,2,32.7,M,布依,5409,2,01,RELATIVES,SIBLING,2,70,贵州省,CONSUME,01,,31.129051422512864,121.44534591798373,ANDROID,,0
100000,103,海东地区,青海省蓉生旅行社有限公司,O,17,APP,2,44.8,M,汉,987,4,01,MATE,FRIENDS,1,75.685974,青海省,CONSUME,02,,35.65437030605979,104.6043117636387,ANDROID,,0
100000,104,滨州市,山东永盛橡胶集团有限公司,C,24,APP,2,38.3,F,汉,3199,2,01,MATE,FATHER,1,70,山东省,CONSUME,01,,37.059638498906149,118.41349864392044,ANDROID,,1
100000,104,萍乡市,萍乡市教育局,S,11,APP,3,41.8,M,汉,4935,4,01,MATE,FRIENDS,1,70,江西省,CONSUME,01,,27.66399630348437,113.9009660966023,ANDROID,,0
100000,105,苏州市,吴江高新物业有限公司,Z,90,APP,2,39.0,M,汉,3797,2,01,SIBLING,FRIENDS,3,70,江苏省,CONSUME,02,,31.052181080926304,120.79786629222466,ANDROID,,0
100000,103,大理白族自治州,永平县博南镇,C,24,APP,3,28.8,F,汉,6448,4,01,MOTHER,FRIENDS,2,79.448,云南省,CONSUME,01,,25.454943804241116,99.5334750602782,ANDROID,,0
100000,104,郴州市,湖南格瑞普新能源有限公司,M,11,APP,2,47.1,M,汉,3513,4,01,SIBLING,SIBLING,1,70,湖南省,CONSUME,02,,25.781111260144635,113.04883550666512,ANDROID,,0
100000,103,佛山市,爵邦塑料制品有限公司,Z,90,XCX,2,30.9,M,汉,154,2,,MATE,MATE,1,70,广东省,CONSUME,01,,22.69825634344462,113.16184628447606,ANDROID,,0
100000,104,淮安市,开放大学,P,13,APP,3,25.0,M,汉,981,2,01,FATHER,RELATIVES,2,75.357895,江苏省,CONSUME,01,,38.618255315676389,113.0066994301179,ANDROID,,0
100000,102,白银市,甘肃省白银市平川区靖煤公司,C,24,APP,2,49.8,F,汉,484,4,01,CHILDREN,FRIENDS,1,92.53,甘肃省,CONSUME,02,,36.74701230461145,104.78828900512788,ANDROID,,0
100000,104,茂名市,陈牡丹个人工作室,H,54,APP,4,39.4,F,汉,4311,2,01,FATHER,FRIENDS,1,93.84022,广东省,CONSUME,02,,22.909309890375867,113.85122870051066,ANDROID,,0
100000,403,昆明市,昆明利驰劲汽车服务有限公司,O,17,APP,4,41.1,M,汉,5373,4,01,PARENTS,RELATIVES,1,85,云南省,CONSUME,01,,24.995112720427579,102.70852482065188,ANDROID,,0
100000,301,杭州市,新塘街道,S,11,XCX,2,26.3,M,汉,2950,4,01,MATE,FRIENDS,2,84.996,浙江省,CONSUME,01,,30.15355737364423,120.31843560147199,IOS,,1
100000,103,衡阳市,湖南省衡阳市珠晖区妇女儿童医院,Q,11,APP,3,46.1,F,汉,1895,2,01,COLLEAGUE,MOTHER,1,70,湖南省,CONSUME,01,,26.889765781106339,112.642314247794,ANDROID,,0
100000,103,宿州市,米兰欧货生活,Z,90,APP,2,39.5,F,汉,5130,2,01,MATE,RELATIVES,2,70,安徽省,CONSUME,01,,29.533823463347799,104.67362189777947,ANDROID,,0
100000,104,湖州市,桐乡清锋科技有限公司,G,13,APP,3,36.0,M,汉,5667,4,01,FRIENDS,MATE,1,90.193,浙江省,CONSUME,01,,30.704611601958548,120.41340792404874,ANDROID,,0
100000,307,天津市,天津银雁外包服务有限公司,O,17,XCX,4,42.4,F,汉,5770,4,01,SIBLING,FRIENDS,1,70,天津市,CONSUME,01,,39.12327751264965,117.17652331766468,IOS,,1
100000,102,六盘水市,恒远意通总店,H,54,APP,3,50.7,F,汉,4598,4,01,FATHER,FRIENDS,1,87.934,贵州省,CONSUME,01,,26.596438295121414,104.83218205813198,ANDROID,,0
100000,103,南京市,无锡市千艺设备安装工程有限公司,E,24,XCX,2,37.5,M,汉,4581,3,01,FATHER,FRIENDS,1,84.065,江苏省,CONSUME,01,,31.545260614873948,120.29421453646946,IOS,,0
100000,104,哈尔滨市,哈尔滨市星光耀灯饰商店,H,54,APP,3,30.2,F,汉,247,2,01,FATHER,FRIENDS,2,88.04954,黑龙江省,CONSUME,01,,45.74980969402847,126.69522214117728,IOS,,0
100000,105,随州市,卢伟个人工作室,Z,90,APP,4,42.6,M,汉,1623,4,01,MATE,OTHER,1,88.954,湖北省,CONSUME,01,,31.718585033389219,113.41376218401241,ANDROID,,1
100000,103,甘南藏族自治州,舟曲县移动公司大峪营业厅,G,13,APP,2,33.1,M,汉,4765,4,01,RELATIVES,RELATIVES,1,70,甘肃省,CONSUME,01,,33.788143718047958,104.38566702067229,ANDROID,,0
100000,102,南通市,宗吴云个人工作室,H,54,APP,4,32.0,F,汉,1427,2,01,FATHER,FRIENDS,2,87.70629,江苏省,CONSUME,01,,32.38865923659431,120.56894428340316,ANDROID,,1
100000,102,衢州市,牛牛仓储,Z,90,APP,4,25.8,M,汉,1674,2,01,FATHER,FRIENDS,2,95.072,浙江省,CONSUME,01,,29.085812649652725,118.31299328372387,ANDROID,,0
100000,105,济宁市,山东鑫似锦装饰工程有限公司,E,24,APP,4,38.0,M,汉,5396,4,01,MATE,FRIENDS,1,70,山东省,CONSUME,01,,35.66289146902379,117.26960558479596,ANDROID,,0
100000,103,廊坊市,廊坊开发区东方大学城刘娟麻辣烫店,Z,90,XCX,2,37.2,F,汉,4911,4,01,PARENTS,RELATIVES,3,70,河北省,CONSUME,01,,39.61664369055448,116.76207723887092,ANDROID,,0
100000,102,合肥市,北京格林童趣儿童摄影公司,O,17,XCX,2,33.2,F,汉,4966,4,,MATE,MATE,1,70,安徽省,CONSUME,02,,31.587927219826775,117.84506097822809,ANDROID,,0
100000,105,济南市,济南霞旺管理咨询有限公司,L,17,APP,2,38.6,M,汉,3541,4,01,MATE,FRIENDS,1,77.35358,山东省,CONSUME,01,,36.67194798214554,117.10132090495709,ANDROID,,0
100000,105,三门峡市,艺鸣播音主持,Z,90,XCX,3,31.2,F,汉,5647,4,01,SIBLING,RELATIVES,2,70.532,河南省,CONSUME,01,,34.79521136273985,111.18045573065752,ANDROID,,1
100000,103,清远市,连南瑶族自治县东弘汽车销售贸易有限公司,H,54,XCX,3,35.0,M,瑶,4121,4,01,MATE,FRIENDS,1,70,广东省,CONSUME,01,,24.503609665832749,112.29517753010917,ANDROID,,0
100000,302,威海市,润滑物业,L,17,XCX,4,26.5,F,汉,478,2,01,FATHER,FRIENDS,2,83.72044,山东省,CONSUME,01,,37.08217800935403,121.49432863951694,IOS,,0
100000,308,商丘市,河南三金人力资源服务有限公司,O,17,APP,3,31.6,M,汉,5647,3,,PARENTS,FATHER,2,88.961,河南省,CONSUME,02,,34.73663514956624,113.77510954640643,ANDROID,,0
100000,102,赣州市,博洋广告公司,R,17,APP,2,53.1,F,汉,1412,2,01,RELATIVES,COLLEAGUE,3,87.377,江西省,CONSUME,01,,24.77461906804841,115.0386204357457,ANDROID,,0
100000,105,松原市,江西南豫教育咨询有限公司,P,13,XCX,4,28.5,M,汉,6881,4,,FRIENDS,FRIENDS,2,88.268,吉林省,CONSUME,02,,28.68108401328041,115.86504794584401,IOS,,0
100000,105,厦门市,厦门勒芙密科技有限公啊,Z,90,APP,4,34.9,M,汉,6823,4,01,OTHER,OTHER,1,85.344,福建省,CONSUME,01,,24.533862190031905,118.03645271805121,ANDROID,,0
100000,105,揭阳市,揭东区第二人民医院,Q,11,APP,3,39.0,F,汉,3969,2,01,FRIENDS,FRIENDS,1,70,广东省,CONSUME,02,,23.589020104827417,116.33095784237459,ANDROID,,0
100000,403,齐齐哈尔市,长虹水泥砖厂,C,24,APP,2,41.8,M,汉,4838,3,01,MATE,FRIENDS,1,94.0,黑龙江省,CONSUME,02,,47.892113259644549,125.93313648313985,ANDROID,,0
100000,102,南宁市,广西大学土木学院,E,24,APP,2,47.8,M,汉,2678,4,01,MATE,MOTHER,1,93.0,广西壮族自治区,CONSUME,01,,22.853242149309215,108.30733447273789,ANDROID,,0
100000,105,苏州市,昆山市百仕特环保有限公司,M,11,XCX,2,46.3,F,汉,3878,2,01,PARENTS,SIBLING,1,70,江苏省,CONSUME,01,,31.383347876592774,120.98258222081859,ANDROID,,0
100000,104,上海市,通用磨坊贸易上海有限公司,C,24,XCX,3,37.8,M,汉,3674,2,01,RELATIVES,MATE,1,70,上海市,CONSUME,01,,31.266643028534469,121.4549165577269,ANDROID,,1
100000,105,保定市,誉兴世纪（北京）科技有限公司,G,13,APP,3,37.1,M,汉,3912,3,01,MATE,FRIENDS,1,70,河北省,CONSUME,01,,39.68959427983401,116.41194086148673,ANDROID,,0
100000,309,莆田市,福建省莆田市荔城区黄石镇横塘村樟头18-1号,E,24,APP,4,37.8,M,汉,3358,4,01,MOTHER,FRIENDS,1,70,福建省,CONSUME,01,,25.35914365859881,118.9178701079636,ANDROID,,0
100000,103,运城市,个体运输司机,Z,90,XCX,2,48.5,M,汉,4822,4,01,MATE,CHILDREN,1,70,山西省,CONSUME,01,,34.87484268496238,111.22035536092558,ANDROID,,0
100000,105,湛江市,中国平安股份有限公司（湛江分公司）,Z,90,APP,2,45.1,F,汉,928,2,01,SIBLING,MOTHER,1,73.851,广东省,CONSUME,01,,21.380872543574009,110.27355829180195,ANDROID,,0
100000,103,淮南市,聚茗阁茶社,H,54,APP,2,40.8,F,汉,4614,4,01,MATE,COLLEAGUE,1,70,安徽省,CONSUME,01,,31.233880378124696,121.31418343912513,ANDROID,,0
100000,102,兴安盟,京美考教育,Z,90,XCX,4,33.4,M,汉,4754,2,01,PARENTS,FATHER,2,91.139,内蒙古自治区,CONSUME,01,,31.455785632731535,104.79498822520152,ANDROID,,0
100000,105,扬州市,汉源大酒店,I,54,XCX,2,36.1,F,汉,3797,4,01,FATHER,SIBLING,1,70,江苏省,CONSUME,01,,32.28507139642278,119.20454589984753,IOS,,0
100000,105,贵阳市,贵阳市第三人民医院,Q,11,APP,4,46.5,F,汉,4225,4,01,SIBLING,COLLEAGUE,1,70,贵州省,CONSUME,01,,26.5597375763294,106.72210913405479,ANDROID,,0
100000,103,玉林市,亚华轮胎店,H,54,APP,2,40.0,M,汉,4155,4,01,MATE,FRIENDS,1,85.906,广西壮族自治区,CONSUME,02,,21.5220691110407,111.30875227412426,ANDROID,,0
100000,103,苏州市,昆山市公安局陆家派出所,Z,90,APP,3,43.7,M,汉,3737,4,01,PARENTS,FRIENDS,1,70,江苏省,CONSUME,01,,31.316652897869007,121.06338562084405,ANDROID,,0
100000,102,榆林地区,中国石油天然气股份有限公司,C,24,APP,4,36.9,M,汉,3427,2,01,MATE,RELATIVES,1,77.12688,陕西省,CONSUME,01,,37.498805072411787,110.47301372524177,ANDROID,,0
100000,103,潮州市,阿荣鸡煲,I,54,APP,2,46.2,M,汉,57,2,01,MATE,SIBLING,1,70,广东省,CONSUME,01,,23.515914777824177,116.63951252341116,ANDROID,,0
100000,104,河池市,独山弘鑫建筑劳务有限责任公司,E,24,APP,2,41.9,M,壮,4065,2,01,SIBLING,SIBLING,1,94.278,广西壮族自治区,CONSUME,01,,25.853463362596579,107.55884764932114,ANDROID,,0
100000,102,邢台市,达瀚有限公司,Z,90,APP,2,33.0,F,汉,5710,4,01,MATE,FATHER,2,70,河北省,CONSUME,01,,37.353824270582368,114.78958699036954,ANDROID,,0
100000,104,淄博市,齐峰新材料有限公司,F,17,APP,3,39.3,M,汉,3959,2,01,FATHER,FRIENDS,1,70,山东省,CONSUME,01,,36.818444321707037,118.34531605284458,ANDROID,,1
100000,105,荆门市,深圳坪山比亚迪汽车工厂,C,24,APP,2,25.4,M,汉,1277,3,01,FATHER,COLLEAGUE,2,77.362976,湖北省,CONSUME,02,,22.64222582106888,113.22662646359733,ANDROID,,0
100000,103,武威市,百姓领购网,G,13,APP,3,32.2,M,汉,6326,3,,MOTHER,FRIENDS,1,88.47,甘肃省,CONSUME,02,,31.01684111261654,121.23005091955912,ANDROID,,0
100000,102,合肥市,乐富强铂悦酒店,I,54,APP,4,24.6,M,汉,1371,2,01,MATE,FRIENDS,2,88.20373,安徽省,CONSUME,01,,31.834635453793096,117.14394367596879,ANDROID,,0
100000,103,杭州市,浙江江山虎强混凝土外加剂有限公司,Z,90,APP,4,39.4,M,汉,3434,3,01,PARENTS,COLLEAGUE,1,70,浙江省,CONSUME,01,,30.839493914742289,106.97874720471607,ANDROID,,0
100000,105,南京市,南京牙博士口腔江北机构,P,13,APP,4,31.8,M,回,5732,2,,FRIENDS,PARENTS,2,70,江苏省,CONSUME,01,,32.206094141057977,118.75555451231361,ANDROID,,0
100000,102,济宁市,颖莱美尼医疗美容整形医院,Q,11,APP,4,37.1,F,汉,3470,2,01,MATE,FRIENDS,1,87.061,山东省,CONSUME,01,,36.707844731523227,117.23952545484672,IOS,,0
100000,301,武汉市,武汉思想,H,54,XCX,4,25.4,F,汉,1660,2,01,CHILDREN,CHILDREN,2,89.879,湖北省,CONSUME,01,,30.585390455614264,114.34122509043562,IOS,,0
100000,103,沈阳市,南通小小非供应链有限公司,Z,90,XCX,3,33.1,F,汉,6647,4,01,PARENTS,MATE,1,77.244,辽宁省,CONSUME,01,,41.298562309624639,123.79880017969085,ANDROID,,0
100000,103,承德市,远航教育,P,13,APP,3,27.0,M,汉,1567,4,01,PARENTS,FRIENDS,2,70,河北省,CONSUME,02,,41.85078831524283,117.87583554177383,ANDROID,,0
100000,104,济南市,济南二机床集团有限公司,Z,90,APP,4,30.8,F,汉,5614,4,01,PARENTS,FRIENDS,1,70,山东省,CONSUME,01,,36.6463775674547,116.97210745297235,ANDROID,,0
100000,105,乐东黎族自治县,和裕制品厂有限公司,Z,90,APP,2,29.8,M,黎,1820,2,01,PARENTS,FATHER,2,72.628,海南省,CONSUME,02,,18.24940898377746,109.54144326344532,ANDROID,,0
100000,105,台州市,三门水务,D,17,APP,3,42.3,F,汉,5423,2,01,MOTHER,FRIENDS,1,71.85564,浙江省,CONSUME,01,,29.09660231805279,121.5123783078546,ANDROID,,0
100000,302,上海市,上海创元集装箱仓储有限公司,Z,90,APP,4,32.0,M,汉,5142,2,01,MATE,MOTHER,1,70,上海市,CONSUME,02,,31.314510574069375,121.64958675032819,ANDROID,,0
100000,105,济宁市,山东汇科工程检测有限公司,L,17,APP,4,26.1,M,汉,855,2,,FRIENDS,COLLEAGUE,2,70,山东省,CONSUME,01,,35.94346276518432,102.04279169439993,ANDROID,,0
100000,105,吉安市,吉安凌樾环保技术有限责任公司,M,11,XCX,4,31.9,M,汉,5592,4,01,PARENTS,FRIENDS,2,70,江西省,CONSUME,01,,26.79456928657911,114.91361809167226,ANDROID,,0
100000,104,湖州市,柳菲菲个人工作室,Z,90,APP,4,43.2,M,汉,4390,4,,MATE,FRIENDS,1,88.12414,浙江省,CONSUME,01,,29.917655492826513,121.52661931184963,ANDROID,,0
100000,102,乐山市,雷成个人工作室,R,17,XCX,3,34.3,M,汉,5131,4,01,SIBLING,FRIENDS,1,70,四川省,CONSUME,01,,29.562504597709656,103.71707926030297,ANDROID,,0
100000,403,临沧市,一心堂药业集团有限公司,M,11,APP,4,31.8,F,汉,6759,2,01,RELATIVES,FRIENDS,1,70,云南省,CONSUME,01,,24.616551,99.734171,ANDROID,,0
100000,102,六盘水市,曲靖创丰钢模有限公司,C,24,APP,2,38.4,M,汉,5129,2,01,MATE,FRIENDS,1,92.0,贵州省,CONSUME,01,,26.066324182909289,104.56517446453353,ANDROID,,0
100000,105,中山市,中山善浓玩具有限公司,C,24,APP,2,39.4,F,汉,3829,4,,FATHER,FRIENDS,2,90.84479,广东省,CONSUME,01,,22.25261809121155,113.33715361874391,IOS,,0
100000,104,六安市,方正阳个人工作室,Z,90,APP,4,27.9,M,汉,866,3,01,FATHER,MOTHER,2,82.15,安徽省,CONSUME,01,,24.36701003418234,113.58914405942017,ANDROID,,0
